tweet_id,tweet_url,tweet_date,tweet_language,reply_count,retweet_count,like_count,quote_count,view_count,user_id,user_username,user_display_name,user_profile_url,user_description,user_created_at,user_followers_count,user_friends_count,user_statuses_count,user_favourites_count,user_media_count,user_location,user_verified,user_blue_check_type,quoted_tweet_id,quoted_tweet_url,quoted_tweet_date,quoted_tweet_content,quoted_tweet_like_count,quoted_tweet_retweet_count,quoted_tweet_language,tweet
1856013181761564785,https://x.com/SwitzerUdr/status/1856013181761564785,2024-11-11 16:36:40,fr,0,0,0,0,28,127590629,SwitzerUdr,Switzer Z - ğŸ‡¨ğŸ‡­ğŸ‡®ğŸ‡±,https://x.com/SwitzerUdr,Franco/Suisse- RÃ©sident Switzerland-ğŸ‡¨ğŸ‡­ğŸ‡®ğŸ‡± Union des droites.,2010-03-29 17:51:20,11144,5426,133708,12535,5990,Suisse,False,,,,,,,,,"Michel Barnier et ses ministres sont confrontÃ©s Ã  la colÃ¨re de nombreux et divers secteurs.
GrÃ¨ve SNCF, aÃ©roports, agriculteursÂ : le gouvernement face Ã  une explosion des mouvements sociaux.
https://t.co/IuefZvwqq4"
1855946715708236030,https://x.com/havasagan/status/1855946715708236030,2024-11-11 12:12:33,fr,0,17,33,2,1258,1816915614859956224,havasagan,Hava Sagan,https://x.com/havasagan,Fille de @zoesagan â™Ÿï¸,2024-07-26 19:17:05,3359,44,185,322,46,"Paris, France",False,,,,,,,,,"Michel Barnier et son gouvernement, dans un effort louable pour rendre la vie des mÃ©decins encore plus intÃ©ressante, ont dÃ©cidÃ© de publier un dÃ©cret qui pourrait bien Ãªtre le dernier clou dans le cercueil du secret mÃ©dical. 

Imaginez le scÃ©nario : vous allez voir votre mÃ©decin pour une petite gÃªne, disons, quelque chose d'embarrassant. Ã€ la fin de la consultation, au lieu de recevoir simplement une ordonnance avec le nom d'un mÃ©dicament, vous dÃ©couvrez que votre mÃ©decin doit maintenant Ã©crire en clair ""HÃ©morroÃ¯des"" ou ""Infection urinaire rÃ©currente"" sur le bout de papier. Et pourquoi, me demanderez-vous ? Pour que l'Assurance-maladie puisse vÃ©rifier si ce mÃ©dicament est bien justifiÃ©. Parce que, vous savez, nous n'avons pas suffisamment de problÃ¨mes de confidentialitÃ© en 2024.

Barnier et ses acolytes semblent penser que notre systÃ¨me de santÃ© a tellement de temps libre que les mÃ©decins peuvent dÃ©sormais jouer au petit secrÃ©taire, dÃ©taillant pourquoi ils prescrivent tel ou tel traitement. ""Ah, mais c'est pour le bien commun !"" diraient-ils. Oui, bien sÃ»r, comme la fois oÃ¹ ils ont dÃ©cidÃ© que le Brexit serait une partie de plaisir.

Et pendant ce temps-lÃ , les mÃ©decins, dÃ©jÃ  accablÃ©s par une charge de travail qui ferait pleurer un robot, doivent maintenant s'assurer que chaque prescription est accompagnÃ©e d'une justification Ã©crite, histoire d'Ã©viter que l'administration ne les accuse de gaspillage des fonds publics. Bravo, vraiment. 

On pourrait presque croire que ce dÃ©cret est une blague, une farce administrativo-bureaucratique pour voir jusqu'oÃ¹ on peut pousser les limites de l'absurde dans la gestion de la santÃ© publique. Mais non, c'est bien rÃ©el. Le secret mÃ©dical, ce rempart de la dignitÃ© et de la confidentialitÃ© des patients, est devenu un obstacle Ã  la machine bien huilÃ©e de la paperasse administrative."
1855883402391503143,https://x.com/PHeffair/status/1855883402391503143,2024-11-11 08:00:58,fr,1,0,0,0,55,1650136259522691074,PHeffair,P. Heffair,https://x.com/PHeffair,"Â«Â La synergie du continuum de la dynamique du rÃ©armementÂ Â»   On peut, peut-Ãªtre, arrÃªter cette diarrhÃ©e dâ€™Ã©lÃ©ments de langage dâ€™un vide abyssal non ?",2023-04-23 13:55:24,187,328,12667,673,2807,France,False,,,,,,,,,"@lemondefr Michel Barnier affaibli???
Il est issue d'une minoritÃ© ... son gouvernement n'est que le rÃ©sultat du dÃ©nis dÃ©mocratique Macron et de sa clique!

Barnier et ce gouvernement n'ont jamais Ã©tÃ© et ne seront jamais forts ... ils ne tiennent que grÃ¢ce au RN ... la nouvelle bÃ©quille!"
1855880475119849720,https://x.com/leparisien_pol/status/1855880475119849720,2024-11-11 07:49:20,fr,11,1,6,1,2318,425188796,leparisien_pol,Le Parisien | politique,https://x.com/leparisien_pol,"Informations exclusives, coulisses, interviews... Suivez la vie politique franÃ§aise avec @le_Parisien",2011-11-30 17:39:44,52275,230,51252,2,18920,,False,,,,,,,,,"Plusieurs ministres et Ã©lus qui soutiennent le gouvernement plaident pour la suppression dâ€™un jour fÃ©riÃ©, afin de faire rentrer des recettes fiscales. Mais Michel Barnier, lui, freine
https://t.co/1S3TzJUPd2"
1855880250304971090,https://x.com/le_Parisien/status/1855880250304971090,2024-11-11 07:48:26,fr,110,12,44,20,51661,38142665,le_Parisien,Le Parisien,https://x.com/le_Parisien,Lâ€™actualitÃ© qui vous concerneğŸ“±ğŸ—ï¸,2009-05-06 08:50:13,3398846,369,607840,716,164557,"Paris, France",False,Business,,,,,,,,"Plusieurs ministres et Ã©lus qui soutiennent le gouvernement plaident pour la suppression dâ€™un jour fÃ©riÃ©, afin de faire rentrer des recettes fiscales. Mais Michel Barnier, lui, freine
https://t.co/xBmLpYXvW0"
1855878450747494469,https://x.com/leparisien_eco/status/1855878450747494469,2024-11-11 07:41:17,fr,0,0,1,0,169,2449906448,leparisien_eco,Le Parisien | Ã©conomie,https://x.com/leparisien_eco,"Pouvoir d'achat, vie des entreprises, emploi... Toute l'actualitÃ© Ã©conomique avec @le_Parisien",2014-04-17 15:03:42,21887,88,50665,29,21518,"Paris, France",False,Business,,,,,,,,"Plusieurs ministres et Ã©lus qui soutiennent le gouvernement plaident pour la suppression dâ€™un jour fÃ©riÃ©, afin de faire rentrer des recettes fiscales. Mais Michel Barnier, lui, freine
https://t.co/Kl6lUcJols"
1855613510505386083,https://x.com/VerrDeLait/status/1855613510505386083,2024-11-10 14:08:31,fr,0,1,0,0,49,1502955322067009541,VerrDeLait,ğŸ‡«ğŸ‡· Verre de Lait ğŸ‡ªğŸ‡ºğŸ‡ºğŸ‡¦,https://x.com/VerrDeLait,"Pour la France, l'Europe et la libertÃ©. Je combats tous les extrÃªmes, les populistes et les tyrans, souvent avec un certain plaisir. Slava Ukraini!",2022-03-13 10:30:56,235,1153,1459,12272,15,,False,,,,,,,,,"@davidlisnard C'est facile de dÃ©noncer avec un petit mot d'humour. La question: Ãªtes-vous favorable Ã  une limitation immÃ©diate du droit de grÃ¨ve dans les services publics? Parce que je ne suis pas sÃ»r que le gouvernement de Michel BARNIER ne capitule pas Ã  nouveau, lui aussi."
1855579451280462142,https://x.com/Andre_Dedand/status/1855579451280462142,2024-11-10 11:53:10,fr,0,0,0,0,16,1517760650558197760,Andre_Dedand,AndrÃ©.04,https://x.com/Andre_Dedand,âœï¸ . ğŸ™ . ğŸ¤¡,2022-04-23 07:02:13,1147,1266,118643,65877,1434,,False,,,,,,,,,"ğŸ‡«ğŸ‡·ğŸ§‚ FLASH | Un majordome de Michel Barnier a Ã©tÃ© interpellÃ© avec 51g de cocaÃ¯ne sur lui hier soir. Mauvais timing, le gouvernement a prÃ©sentÃ© son plan de lutte contre le narcotrafic ce midi. 
https://t.co/9ZqCNHMvh7"
1855539645414838322,https://x.com/Contrepoints/status/1855539645414838322,2024-11-10 09:15:00,fr,0,0,2,0,342,123942210,Contrepoints,IREF-Contrepoints,https://x.com/Contrepoints,Le journal libÃ©ral de rÃ©fÃ©rence en France.,2010-03-17 18:27:54,25684,1790,96652,4967,31638,"Paris, France",False,,,,,,,,,"Alors quâ€™il peine Ã  supprimer 2Â 000 postes de #fonctionnaires dans le budget 2025, le gouvernement de Michel #Barnier serait bien inspirÃ© de se tourner vers son homologue argentin.

https://t.co/WBtv89QdPU"
1855506647508038094,https://x.com/SinedWarrior/status/1855506647508038094,2024-11-10 07:03:53,fr,1,2,11,0,195,1500777412598149123,SinedWarrior,ğŸ“Sined WarriorğŸ­ğŸ“,https://x.com/SinedWarrior,Euskal herria - baiona,2022-03-07 10:23:41,25440,4384,56122,108130,15842,,False,,,,,,,,,"2/n
En quelques mots le bilan est fait.
L'horreur de l'Allemagne Nazie avait fait le choix d'assumer totalement son programme dÃ¨s 1933, et la France ?

Michel Barnier, Bruno Retailleau et tout le gouvernement n'ont pas compris que leurs noms"
1855332449120555151,https://x.com/LePontdesidees/status/1855332449120555151,2024-11-09 19:31:40,fr,0,0,0,0,57,1447875497816436736,LePontdesidees,Le Pont,https://x.com/LePontdesidees,"Redonner du sens Ã  l'actualitÃ© et rebÃ¢tir un modÃ¨le franÃ§ais dÃ©mocratique, rÃ©publicain et de croissance durable. En partenariat avec @Passages_ADAPes et @LCP.",2021-10-12 10:43:59,460,693,2776,262,68,Paris,False,,,,,,,,,"Reculer câ€™est renoncer..  le gouvernement de Michel Barnier  impose contre lâ€™islamogauchisme et ses proxis LFI le match France IsraÃ«l au stade de https://t.co/C8F4OTnoOH reste 60000 places Ã  occuper,jeunesses de France ne ratez pas ce rendez vous de la rÃ©sistance Ã  la barbarie.Mobilisez vous contre le fascisme de lâ€™islamogauchisme!"
1855305437878370444,https://x.com/Marimadma/status/1855305437878370444,2024-11-09 17:44:20,fr,0,0,0,0,20,1699656134984908800,Marimadma,Marie D,https://x.com/Marimadma,Cheffe dâ€™entreprise retraitÃ©e. Formation ingÃ©nieur INSSI.                            Fille dâ€™un pÃ¨re ayant officiÃ© aux RG et petite-fille de rÃ©sistant.,2023-09-07 05:30:01,225,322,20071,5028,4178,,False,,,,,,,,,"Macron lÃ¢che 3 milliards Ã  Zelensky le jour oÃ¹ le gouvernement Barnier demande aux FranÃ§ais 60 milliards dâ€™Ã©conomies

Â«Ce sera un budget difficile, sÃ©rieux et responsableÂ», a promis le pion de Bruxelles Michel Barnier lors de la prÃ©sentation du Projet de loi finances 2025. https://t.co/cKascpUTQY"
1855261378434511175,https://x.com/BelleEmmerdeuse/status/1855261378434511175,2024-11-09 14:49:16,fr,0,0,0,0,17,1822265498412732416,BelleEmmerdeuse,La Belle Emmerdeuse,https://x.com/BelleEmmerdeuse,"Vivre au jour le jour,
Je suis la LUMIÃˆRE,
J'aime la VIE...",2024-08-10 13:36:22,33,65,3543,2342,956,,False,,,,,,,,,"Un majordome de Michel Barnier a Ã©tÃ© interpellÃ© avec 51g de cocaÃ¯ne sur lui. Mauvais timing, le gouvernement a prÃ©sentÃ© son plan de lutte contre le narcotrafic ce midi. https://t.co/saxHL6ccQM"
1855259343647617498,https://x.com/FPRA_/status/1855259343647617498,2024-11-09 14:41:11,fr,0,0,2,0,40,1450877600981831686,FPRA_,LIBERTÃ‰ !,https://x.com/FPRA_,"Colonel (er) de Gendarmerie.

La France doit retrouver son indÃ©pendance et la maÃ®trise de son destin actuellement confisquÃ©es par la finance mondialiste. FREXIT",2021-10-20 17:33:21,3121,4315,5775,519,742,France,False,,,,,,,,,"@MichelBarnier #UE #FRANCE #GOUVERNEMENT #DESTITUTION #TRUMP #LR #UDR #RN #NFP

Comment,
#Michel_Barnier pouvez-vous demander aux #FranÃ§ais (au nom d'un #DeGaulle que vous avez bien oubliÃ©)
de s'unir alors que vous servez un #Macron qui ne fait que nous #diviser pour nous #dÃ©truire et #rÃ©gner ?"
1855210530249592883,https://x.com/nraednioa/status/1855210530249592883,2024-11-09 11:27:13,fr,0,0,1,0,34,1520012083609415681,nraednioa,Nadia ğŸ‡¨ğŸ‡µ,https://x.com/nraednioa,il ne faut  pas sÃ©curiser l' enfer mais se dÃ©barrasser des dÃ©mons.,2022-04-29 12:08:56,2047,1500,267907,246658,22671,France,False,,,,,,,,,"@Ph_Schreck ğŸ‡«ğŸ‡·INFO - Au moment oÃ¹ le gouvernement minoritaire de Michel Barnier dÃ©taillait Ã  Marseille son plan de lutte contre le narcotrafic, un majordome de #Matignon Ã©tait en GAV Ã  Paris pour avoir achetÃ© plus de 50 grammes de #cocaÃ¯ne, rÃ©vÃ¨le Le Parisienâ€¦"
1855204204111188137,https://x.com/Sergio072132/status/1855204204111188137,2024-11-09 11:02:04,fr,0,0,0,0,5,1664290527800434691,Sergio072132,ğŸ‡«ğŸ‡·ğŸ‡ªğŸ‡ºSergio (El Gato)ğŸ’›ğŸ’™ğŸ—ï¸,https://x.com/Sergio072132,Ma petite entreprise... Pas touche les animaux. Halte aux malpolis ğŸ˜. RN LFI DiffÃ©remment les mÃªmes ğŸ˜“,2023-06-01 15:20:38,232,503,3795,8769,278,Au pays de la chocolatine ,False,,,,,,,,,"@Arlette09976941 Le gouvernement est Ã  Michel Barnier il ""s'Ã©tait"" temps de le saver ğŸ˜¬"
1855190743373025324,https://x.com/Irnafrench/status/1855190743373025324,2024-11-09 10:08:35,fr,0,2,2,0,125,875961520345231360,Irnafrench,IRNA FranÃ§ais,https://x.com/Irnafrench,"Agence de presse de la RÃ©publique islamique (IRNA), la seule agence de presse officielle iranienne depuis 1934
Telegram: https://t.co/68aWitQFOi",2017-06-17 06:21:15,2152,26,36970,39,25313,TÃ©hÃ©ran,False,,,,,,,,,"Au moment oÃ¹ le gouvernement Michel Barnier dÃ©taillait Ã  #Marseille son plan de lutte contre le narcotrafic, un majordome de MatignonÂ a Ã©tÃ© interpellÃ© alors quâ€™il avait sur lui plus de 50 g de cocaÃ¯ne, selon Le Parisien.

#France #GouvernementBarnier https://t.co/DiCS1DAOD2"
1855166705242173553,https://x.com/platinium230/status/1855166705242173553,2024-11-09 08:33:04,fr,0,16,11,0,257,1518969512288305153,platinium230,la voix du peupleâ™¿ğŸŒˆ,https://x.com/platinium230,"Homo de droite 
A la recherche de la vÃ©ritÃ© de vous montrer ce que les mÃ©dias veulent vous cacher lanceur d'alerte
suivi par @dupontaignan
DÃ©teste les gauchiste",2022-04-26 15:05:47,12643,13107,74600,4455,12850,France,False,,,,,,,,,"ğŸ‡«ğŸ‡·ğŸ§‚ FLASH | Un majordome de Michel Barnier a Ã©tÃ© interpellÃ© avec 51g de cocaÃ¯ne sur lui hier soir. Mauvais timing, le gouvernement a prÃ©sentÃ© son plan de lutte contre le narcotrafic https://t.co/jWogERyUZ9"
1855153608259404026,https://x.com/nraednioa/status/1855153608259404026,2024-11-09 07:41:01,fr,0,6,5,0,104,1520012083609415681,nraednioa,Nadia ğŸ‡¨ğŸ‡µ,https://x.com/nraednioa,il ne faut  pas sÃ©curiser l' enfer mais se dÃ©barrasser des dÃ©mons.,2022-04-29 12:08:56,2047,1500,267907,246658,22671,France,False,,,,,,,,,"@leJDD ğŸ‡«ğŸ‡·INFO - Au moment oÃ¹ le gouvernement minoritaire de Michel Barnier dÃ©taillait Ã  Marseille son plan de lutte contre le narcotrafic, un majordome de #Matignon Ã©tait en GAV Ã  Paris pour avoir achetÃ© plus de 50 grammes de #cocaÃ¯ne, rÃ©vÃ¨le Le Parisienâ€¦"
1855146254977671232,https://x.com/truchotphilipp1/status/1855146254977671232,2024-11-09 07:11:48,fr,0,2,4,0,155,1327487368023175169,truchotphilipp1,truchot philippe,https://x.com/truchotphilipp1,,2020-11-14 05:44:06,1914,844,17862,856,8830,,False,,,,,,,,,"ğŸ‡«ğŸ‡·ğŸ§‚ FLASH | Un majordome de Michel Barnier a Ã©tÃ© interpellÃ© avec 51g de cocaÃ¯ne sur lui hier soir. Mauvais timing, le gouvernement a prÃ©sentÃ© son plan de lutte contre le narcotrafic ce midi. https://t.co/33q0uCdCqQ"
1855106926360584267,https://x.com/jeanne_prie/status/1855106926360584267,2024-11-09 04:35:32,fr,3,19,39,4,523,918441206341922816,jeanne_prie,Parousie,https://x.com/jeanne_prie,"""Battez-vous et Dieu donnera la victoire"" - Sainte Jeanne D'Arc  âœï¸",2017-10-12 11:40:22,10134,8784,24987,31056,6402,,False,,,,,,,,,"Un majordome de Michel Barnier a Ã©tÃ© interpellÃ© avec 51g de cocaÃ¯ne sur lui hier soir. Mauvais timing, le gouvernement a prÃ©sentÃ© son plan de lutte contre le narcotrafic . https://t.co/Em6sjFFSEs"
1855048044447662283,https://x.com/AlexandreLohma1/status/1855048044447662283,2024-11-09 00:41:33,fr,3,0,2,0,440,1568799618619609088,AlexandreLohma1,Alexandre Lohmann,https://x.com/AlexandreLohma1,Forecaster - Asset Management - SÃ£o Paulo BR,2022-09-11 03:12:41,2856,729,9813,8630,1311,SÃ£o Paulo,False,,1.85504580198824e+18,https://x.com/AlexandreLohma1/status/1855045801988239832,2024-11-09 00:32:38,"ğŸ› avis d'economiste : 
âœ…ï¸ La defense de Bruno Le Maire se tient (meme si un peu tirÃ© par les cheveux sur la fin);
â›”ï¸ Celle de Gabriel Attal est baclÃ©e, debunkable en 5 minutes douche comprise. 
On sent que l'un s'est preparÃ© plus que l'autre Ã  cette audition",2.0,0.0,fr,"ğŸ› Contrairement Ã  Bruno Le Maire qui a Ã©tÃ© une machine de guerre dans sa defense, Attal  a etÃ© confus.
Sur Michel Barnier, il explique que le gouvernement actuel a repris la ""quasi totalitÃ©"" de ses mesures puis change de version en reprenant la these de Bruno le Maire (l'inverse)"
1855045801988239832,https://x.com/AlexandreLohma1/status/1855045801988239832,2024-11-09 00:32:38,fr,0,0,2,1,920,1568799618619609088,AlexandreLohma1,Alexandre Lohmann,https://x.com/AlexandreLohma1,Forecaster - Asset Management - SÃ£o Paulo BR,2022-09-11 03:12:41,2856,729,9813,8630,1311,SÃ£o Paulo,False,,,,,,,,,"ğŸ› avis d'economiste : 
âœ…ï¸ La defense de Bruno Le Maire se tient (meme si un peu tirÃ© par les cheveux sur la fin);
â›”ï¸ Celle de Gabriel Attal est baclÃ©e, debunkable en 5 minutes douche comprise. 
On sent que l'un s'est preparÃ© plus que l'autre Ã  cette audition"
1855043543967858775,https://x.com/BalkesirAuvent/status/1855043543967858775,2024-11-09 00:23:40,fr,0,0,0,0,13,1755541269286129664,BalkesirAuvent,Olivier Alves,https://x.com/BalkesirAuvent,Je suis un Ã©crivain hÃ©ritier des gÃ©ants romantiques franÃ§ais.,2024-02-08 10:38:00,12,2,185,103,1,Paris,False,,,,,,,,,"Conclusion : il faut soutenir notre gouvernement et Michel Barnier pour que la continuitÃ© de l'Ã©tat soit ""productivement"" (!) factuelle parce qu'en face leur intÃ©rÃªt c'est l'anarchie terroriste et son emballement mÃ©diatique. C'est mÃªme leur fonds de commerce. 
ğŸ¤¡"
1855011636245078398,https://x.com/LAMUSIQUESTAR/status/1855011636245078398,2024-11-08 22:16:53,fr,0,0,0,0,38,1528672915167797249,LAMUSIQUESTAR,"LMS Radio, La Musique Star",https://x.com/LAMUSIQUESTAR,"LMS Radio s'Ã©coute en DAB+ dans  70 villes du Sud-Est de la France et  Ã   Biarritz ,Bayonne, Saint-Jean-De-Luz sur le 98.7 FM et en DAB+.

https://t.co/ANxR00kEn5",2022-05-23 09:43:38,659,1844,8309,4350,3668,France,False,,,,,,,,,"ğŸ”´ğŸ‡«ğŸ‡· Au moment oÃ¹ le gouvernement  de Michel Barnier dÃ©taillait Ã  Marseille son plan de lutte contre le narcotrafic, un majordome de Matignon Ã©tait en GAV Ã  Paris pour avoir achetÃ© plus de 50 grammes de cocaÃ¯ne.

LMS RADIO 
LMS INFO https://t.co/yvbzSmS9a2"
1855008018120704002,https://x.com/FestimagesNatur/status/1855008018120704002,2024-11-08 22:02:30,fr,0,0,1,0,31,769414741,FestimagesNatur,CHAUVIN Yves,https://x.com/FestimagesNatur,"Concepteur, organisateur Festimages Nature : 1er #concours photos nature numÃ©rique en France parmi les 7+ en Europe https://t.co/g6ArIUAL8i",2012-08-20 12:13:21,1486,1466,45168,35531,8499,Saint-Berthevin (53) France,False,,,,,,,,,"Un membre de lâ€™intendance du Premier ministre Michel Barnier a Ã©tÃ© placÃ© en garde Ã  vue Ã  Paris pour une affaire de stupÃ©fiants pendant que les ministres de lâ€™IntÃ©rieurÂ et de la Justice Â dÃ©taillent Ã  Marseille le nouveau plan de lutte du gouvernement.
https://t.co/qmpZFQhXpj"
1855006692053860394,https://x.com/lafranceli59513/status/1855006692053860394,2024-11-08 21:57:14,fr,0,0,0,0,2,1704042330804695040,lafranceli59513,lafrancelibre,https://x.com/lafranceli59513,,2023-09-19 07:59:22,103,27,13477,8,3,"Paris, France",False,,,,,,,,,Michel Barnier dÃ©voile les orientations de son nouveau gouvernement https://t.co/HfXm7B85Xa
1854979617355944188,https://x.com/PerePeinard1312/status/1854979617355944188,2024-11-08 20:09:39,fr,0,0,0,0,43,1727603614535868416,PerePeinard1312,Le PÃ¨re Peinard,https://x.com/PerePeinard1312,"ğŸ”¥ Rejoins la bande du PÃ¨re Peinard, le mÃ©dia anar qui fait trembler l'actu ! Des pavÃ©s d'info, des opinions tranchantes, le tout soupoudrÃ© d'un humour grinÃ§ant",2023-11-23 08:23:02,218,196,1754,115,495,,False,,,,,,,,,"Au moment oÃ¹ le gouvernement minoritaire de Michel Barnier dÃ©taillait Ã  Marseille son plan de lutte contre le narcotrafic, un majordome de Matignon Ã©tait en GAV Ã  Paris pour avoir achetÃ© plus de 50 grammes de blanche, rÃ©vÃ¨le Le Parisienâ€¦

https://t.co/h6oQboWVHK"
1854965335155159120,https://x.com/CedAbdilla/status/1854965335155159120,2024-11-08 19:12:54,fr,0,0,0,0,28,742791713933135873,CedAbdilla,CÃ©dric Abdilla,https://x.com/CedAbdilla,Spectateur du dÃ©clin !,2016-06-14 18:51:59,969,919,10866,3124,2065,"Bretagne, France",False,,,,,,,,,"Alors que le gouvernement a prÃ©sentÃ© aujourd'hui Ã  Marseille son plan de lutte contre le narcotrafic, un majordome de Michel Barnier a Ã©tÃ© interpellÃ© hier soir avec 51g de cocaÃ¯ne sur lui. Ã§a fait moyen...

https://t.co/hDqF0vVtgZ https://t.co/uddMg6wqmc"
1854954857414693049,https://x.com/nraednioa/status/1854954857414693049,2024-11-08 18:31:16,fr,0,0,0,0,40,1520012083609415681,nraednioa,Nadia ğŸ‡¨ğŸ‡µ,https://x.com/nraednioa,il ne faut  pas sÃ©curiser l' enfer mais se dÃ©barrasser des dÃ©mons.,2022-04-29 12:08:56,2047,1500,267907,246658,22671,France,False,,,,,,,,,"@BrunoRetailleau ğŸ‡«ğŸ‡·INFO - Au moment oÃ¹ le gouvernement minoritaire de Michel Barnier dÃ©taillait Ã  Marseille son plan de lutte contre le narcotrafic, un majordome de #Matignon Ã©tait en GAV Ã  Paris pour avoir achetÃ© plus de 50 grammes de #cocaÃ¯ne, rÃ©vÃ¨le Le Parisienâ€¦"
1854953973096366266,https://x.com/nraednioa/status/1854953973096366266,2024-11-08 18:27:45,fr,0,1,2,0,69,1520012083609415681,nraednioa,Nadia ğŸ‡¨ğŸ‡µ,https://x.com/nraednioa,il ne faut  pas sÃ©curiser l' enfer mais se dÃ©barrasser des dÃ©mons.,2022-04-29 12:08:56,2047,1500,267907,246658,22671,France,False,,,,,,,,,"@mvalet_officiel ğŸ‡«ğŸ‡·INFO - Au moment oÃ¹ le gouvernement minoritaire de Michel Barnier dÃ©taillait Ã  Marseille son plan de lutte contre le narcotrafic, un majordome de #Matignon Ã©tait en GAV Ã  Paris pour avoir achetÃ© plus de 50 grammes de #cocaÃ¯ne, rÃ©vÃ¨le Le Parisienâ€¦"
1854953109178794092,https://x.com/nraednioa/status/1854953109178794092,2024-11-08 18:24:19,fr,0,0,1,0,73,1520012083609415681,nraednioa,Nadia ğŸ‡¨ğŸ‡µ,https://x.com/nraednioa,il ne faut  pas sÃ©curiser l' enfer mais se dÃ©barrasser des dÃ©mons.,2022-04-29 12:08:56,2047,1500,267907,246658,22671,France,False,,,,,,,,,"@C_Dudieuzere @R_Marseillais @franckallisio @Th_Charpentier @gisele_lelouis @RNational13 @olivierrioult ğŸ‡«ğŸ‡·INFO - Au moment oÃ¹ le gouvernement minoritaire de Michel Barnier dÃ©taillait Ã  Marseille son plan de lutte contre le narcotrafic, un majordome de #Matignon Ã©tait en GAV Ã  Paris pour avoir achetÃ© plus de 50 grammes de #cocaÃ¯ne, rÃ©vÃ¨le Le Parisienâ€¦"
1854945654155485371,https://x.com/Brevesdepresse/status/1854945654155485371,2024-11-08 17:54:41,fr,466,5790,11972,310,353798,472852289,Brevesdepresse,BrÃ¨ves de presse,https://x.com/Brevesdepresse,@Brevesdepresse relaie des informations sourcÃ©es. Compte de secours : @AnthoBdp,2012-01-24 11:11:50,319581,331,27219,0,6189,France,False,,,,,,,,,"ğŸ”´ğŸ‡«ğŸ‡·INFO - Au moment oÃ¹ le gouvernement minoritaire de Michel Barnier dÃ©taillait Ã  Marseille son plan de lutte contre le narcotrafic, un majordome de #Matignon Ã©tait en GAV Ã  Paris pour avoir achetÃ© plus de 50 grammes de #cocaÃ¯ne, rÃ©vÃ¨le Le Parisienâ€¦ https://t.co/aFnGd14iRA"
1854941193148227922,https://x.com/Renardpaty/status/1854941193148227922,2024-11-08 17:36:58,fr,48,245,351,11,4966,1586386547712172032,Renardpaty,Renard Jean-Michel,https://x.com/Renardpaty,,2022-10-29 15:57:10,12306,3962,72352,9597,36702,,False,,,,,,,,,"Un majordome (un majordome ?) de Michel Barnier a Ã©tÃ© interpellÃ© avec 51g de cocaÃ¯ne sur lui hier soir. Mauvais timing, le gouvernement a prÃ©sentÃ© son plan de lutte contre le narcotrafic ce midi. https://t.co/Hv8vPZms6s"
1854929815138168916,https://x.com/haribo162/status/1854929815138168916,2024-11-08 16:51:45,fr,2,1,3,1,731,440160014,haribo162,"Mon club de â¤ï¸ PSG,Egalement RÃ©seaux d'information",https://x.com/haribo162,@psg_insideâš½ğŸ‘‘ğŸ’¥ğŸ’«ğŸ†ğŸ–ï¸â¤ï¸ğŸ’™#team#copultra#psg  les maillots sont iciğŸ‘‰@jonaCaps90,2011-12-18 17:02:16,7943,5094,31119,16584,1720,paris,False,,,,,,,,,"ğŸ‡«ğŸ‡·ğŸ§‚ FLASH | Un majordome de Michel Barnier a Ã©tÃ© interpellÃ© avec 51g de cocaÃ¯ne sur lui hier soir. Mauvais timing, le gouvernement a prÃ©sentÃ© son plan de lutte contre le narcotrafic ce midi.

@TokenParty999 

Comme des mouches ğŸ˜‚ğŸ˜‚ğŸ˜‚ğŸ˜‚ğŸ˜‚ğŸ˜‚ğŸ˜‚ğŸ˜‚"
1854928165111493012,https://x.com/AubeFrancois/status/1854928165111493012,2024-11-08 16:45:12,fr,0,1,1,0,115,4624072859,AubeFrancois,georgesMartel,https://x.com/AubeFrancois,,2015-12-27 18:20:05,988,803,18806,11975,5531,"Royan, France",False,,,,,,,,,"âŒâŒâŒâŒâŒ ğŸ‡«ğŸ‡·ğŸ§‚ FLASH | Un majordome de Michel Barnier a Ã©tÃ© interpellÃ© avec 51g de cocaÃ¯ne sur lui hier soir. Mauvais timing, le gouvernement a prÃ©sentÃ© son plan de lutte contre le narcotrafic ce midi. https://t.co/bErJaKT9fM"
1854926194992402731,https://x.com/ismabbjjjj/status/1854926194992402731,2024-11-08 16:37:22,fr,0,0,0,0,170,1166641540594307072,ismabbjjjj,IsmaÃ¯l,https://x.com/ismabbjjjj,ğŸğŸ‡²ğŸ‡¦ âµ£,2019-08-28 09:20:05,436,335,18642,8640,1038,94,False,,,,,,,,,"ğŸ‡«ğŸ‡·ğŸ§‚ FLASH | Un El mordjane de Michel Barnier a Ã©tÃ© interpellÃ© avec 51g de cocaÃ¯ne sur lui hier soir. Mauvais timing, le gouvernement a prÃ©sentÃ© son plan de lutte contre le narcotrafic ce midi."
1854923805820403926,https://x.com/SpectateursFr/status/1854923805820403926,2024-11-08 16:27:52,fr,2,3,10,3,1063,1782035734393761793,SpectateursFr,Les Spectateurs,https://x.com/SpectateursFr,"""Le monde ne dort jamais, et l'info non plus. Soyez au cÅ“ur des nouvelles avec les actus du jour. ğŸŒ#ActualitÃ©s #RestezInformÃ©s""",2024-04-21 13:16:55,360,0,116,38,109,France,False,,,,,,,,,"ğŸ”´âš¡ï¸Alerte info ğŸ”´âš¡ï¸| ğŸ‡«ğŸ‡· Le majordome du premier ministre Michel Barnier a Ã©tÃ© interpellÃ© avec 51g de cocaÃ¯ne sur lui .

Cette arrestation intervient alors mÃªme que le gouvernement a prÃ©sentÃ© ce midi son plan de lutte contre le trafic de drogue. Cette situation embarrassante soulÃ¨ve des questions sur la cohÃ©rence entre les actions annoncÃ©es et les comportements au sein mÃªme de l'entourage du premier ministre.

ğŸ‘‰ ğŸ”´ Pour suivre lâ€™actualitÃ© en continu, abonnez-vous ğŸ”” ğŸ”´

#Gaza #FreePalestine #Amsterdam #Supporters #Israel #IsraÃ©liens #MacabiTelAviv #Maroc"
1854922356143112387,https://x.com/DirectFr_/status/1854922356143112387,2024-11-08 16:22:07,fr,1,2,7,2,1090,1718034808347992064,DirectFr_,DirectFR_,https://x.com/DirectFr_,ğŸ“² Lâ€™actualitÃ© franÃ§aise et mondiale en temps rÃ©el | Suivez-nous et activez la cloche pour Ãªtre notifiÃ© en direct ğŸ””ğŸ‡«ğŸ‡· #FLASH #ALERTE #URGENT,2023-10-27 22:40:07,993,153,887,334,603,France,False,,,,,,,,,"ğŸš¨ğŸ‡«ğŸ‡· FLASH - Un majordome du Premier ministre Michel Barnier a Ã©tÃ© interpellÃ© avec 51g de cocaÃ¯ne sur lui hier soir. 

ğŸ‘‰ Aujourdâ€™hui, le gouvernement a prÃ©sentÃ© son plan de lutte contre le narcotrafic. https://t.co/vguNuLFq2W"
1854922036268654900,https://x.com/vaxpourmacron/status/1854922036268654900,2024-11-08 16:20:50,fr,0,1,6,0,74,1427302782583848965,vaxpourmacron,Gilles (9xğŸ’‰) #macron2027,https://x.com/vaxpourmacron,"VaccinÃ© COVID rÃ©gulier car je crois Ã  la science 
Pour un 3e mandat du prÃ©sident #Macron2027
Ancien notaire, prÃ©sident du conseil syndical de ma rÃ©sidence",2021-08-16 16:14:45,12313,198,29075,67668,1985,"Paris, France",False,,,,,,,,,"@le_Parisien Comme le dÃ©ficit, la consommation de drogue au gouvernement est de la faute exclusive de Michel Barnier ğŸ˜¡"
1854867129515872655,https://x.com/LeHuffPost/status/1854867129515872655,2024-11-08 12:42:40,fr,1,0,1,0,4294,364513528,LeHuffPost,Le HuffPost,https://x.com/LeHuffPost,"Suivez sur notre compte Twitter tous nos derniers articles et vidÃ©os, avec un regard dÃ©tonnant sur toute l'actu et ce qui vous fait rÃ©agir.",2011-08-29 22:08:05,1241102,2078,270308,1156,8240,France,False,,,,,,,,,"Contre le narcotrafic, ce que prÃ©voit de faire le gouvernement de Michel Barnier   https://t.co/IRBRYB6CAl"
1854842769824452752,https://x.com/mariechoupette2/status/1854842769824452752,2024-11-08 11:05:52,fr,0,4,5,1,185,1313837952347365376,mariechoupette2,mariechoupette,https://x.com/mariechoupette2,"Je suis une Mamie rebelle . 
Je suis vieille, mais lucide.
Je sais, que ce que j'Ã©cris ne plaÃ®t pas Ã  tout le monde. Mais je n'oblige personne Ã  me suivre",2020-10-07 13:46:23,15546,12059,60357,50745,3225,,False,,,,,,,,,"Le gouvernement, ne veulent pas aller chercher , ou sont passÃ©es les subventions donnÃ©es Ã  Michelin et Auchan
POURQUOI 
Suppressions dâ€™emploisÂ : Michel Barnier veut Â«Â savoirÂ Â» ce quâ€™Auchan et Michelin ont fait Â«Â de lâ€™argent publicÂ Â» https://t.co/JVBMxe84aj via @LeTelegramme"
1854712204391559350,https://x.com/MagazineCapital/status/1854712204391559350,2024-11-08 02:27:03,fr,0,0,1,0,424,213949952,MagazineCapital,Capital,https://x.com/MagazineCapital,"Capital, l'Ã©conomie Captivante : enquÃªtes, interviews, immobilier, conso, lifestyle...",2010-11-10 05:15:27,87277,1306,94292,296,47044,"Gennevilliers, France",False,Business,,,,,,,,"Bruno Le Maire tacle le gouvernement de Michel Barnier
â¡ï¸ https://t.co/4BQ0bjwSRR https://t.co/4BQ0bjwSRR"
1854609088685969493,https://x.com/Solange__C/status/1854609088685969493,2024-11-07 19:37:18,fr,2,3,6,1,265,362968592,Solange__C,Solange ğŸ‡«ğŸ‡·ğŸ‡ªğŸ‡º,https://x.com/Solange__C,adhÃ©rente Renaissance,2011-08-27 08:55:16,6274,5390,70033,11469,1035,France,False,,,,,,,,,"Les deux tiers des FranÃ§ais ne font pas confiance Ã  Michel Barnier pour rÃ©duire le dÃ©ficit de la SÃ©curitÃ© sociale (65%).
Ils ne font pas plus confiance au Â«Â PMÂ Â» et Ã  son gouvernement pour rÃ©duire la dette de la France (66%) ou le dÃ©ficit de lâ€™Etat (65%). Cette dÃ©fiance nâ€™est pas nouvelle, en mars dernier, plus des deux tiers dâ€™entre eux ne faisaient dÃ©jÃ  pas confiance Ã  son prÃ©dÃ©cesseur (et encore moins Ã  Emmanuel Macron) pour rÃ©duire les dÃ©ficits.
Sondage Odoxa"
1854608719381729483,https://x.com/cavousf5/status/1854608719381729483,2024-11-07 19:35:50,fr,3,8,11,1,5179,122966834,cavousf5,C Ã  vous,https://x.com/cavousf5,"Rendez-vous du lundi au vendredi Ã  19h sur France 5 avec @BabethLemoine et toute l'Ã©quipe ! 
ğŸ“² RÃ©agissez avec le hashtag #CÃ Vous",2010-03-14 14:22:50,236092,2990,68177,39355,47151,,False,Business,,,,,,,,"AuditionnÃ© ce matin au SÃ©nat, Bruno Le Maire charge le gouvernement de Michel Barnier sur le dÃ©rapage budgÃ©taire. La rÃ©action de @RolandLescure face Ã  @LoSenechal dans #CÃ Vous â¬‡ï¸ https://t.co/jM2FESEtBr"
1854607088959230320,https://x.com/EvaDaCo81336082/status/1854607088959230320,2024-11-07 19:29:21,fr,0,0,0,0,8,1649803022871023620,EvaDaCo81336082,Eva Da Costa oui YHWH Dieu=DÃ©esse de Justice,https://x.com/EvaDaCo81336082,"YHWH, CrÃ©ateur des Cieux et de la Terre, ainsi que le CrÃ©ateur des   nouveaux cieux et la Terre.",2023-04-22 15:51:57,9,0,9053,0,1602,"Ile-de-France, France",False,,,,,,,,,Narcotrafic : Michel Barnier dÃ©crÃ¨te Â«une mobilisation nationaleÂ» face Ã  une criminalitÃ© organisÃ©e Â«qui n'Ã©pargne plus aucun territoireÂ». Le gouvernement peut trÃ¨s bien dÃ©truire les usines qui fabriquent des drogues.  Pourquoi vous ne le faite pas??? https://t.co/dD4ACguwVl
1854581366656229547,https://x.com/Thomasdelongvi2/status/1854581366656229547,2024-11-07 17:47:08,fr,0,0,0,0,30,741023343319625729,Thomasdelongvi2,Thomas de Longvilliers,https://x.com/Thomasdelongvi2,Partner @321founded / Cofounder @Ectorparking,2016-06-09 21:45:07,73,834,195,573,9,,False,,,,,,,,,"Bruno Le Maire a brandi saÂ Â«libertÃ© dâ€™expressionÂ»Â retrouvÃ©e et tentÃ© de dÃ©fendre son bilan... En commenÃ§ant par assurer queÂ le dÃ©ficit Ã  6,1% du PIB en 2024Â Ã©taitÂ Â«le choix du gouvernement actuelÂ»Â de Michel Barnier. Plus c'est gros plus Ã§a passe en fait. Quel clown! ğŸ¤¡"
1854559744717201901,https://x.com/Carene1984/status/1854559744717201901,2024-11-07 16:21:13,fr,4,21,31,0,1137,514180172,Carene1984,CarÄ—ne Tardy,https://x.com/Carene1984,"Franco-Suisse ğŸ‡¨ğŸ‡­ğŸ‡«ğŸ‡· ""A une Ã©poque de supercherie universelle, dire la vÃ©ritÃ© est un acte rÃ©volutionnaire.""",2012-03-04 10:14:44,49465,4466,31654,2101,4629,"Fribourg Suisse, Bugey",False,,1.8545141280705167e+18,https://x.com/C_deCourson/status/1854514128070516789,2024-11-07 13:19:57,"Hier, j'ai annoncÃ© que les dÃ©penses nouvelles votÃ©es en commission des finances, se chiffraient Ã  44 milliards. 

Une mise Ã  jour s'impose : le total des amendements votÃ©s en commission se chiffre Ã  57 milliards.",759.0,276.0,fr,"#PLF2025 : On leur demande de rÃ©duire le dÃ©ficit de 60 milliards et les dÃ©putÃ©s emmenÃ©s par le NFP votent 57 milliards d'euros de nouvelles idÃ©es de dÃ©penses.
AprÃ¨s cet examen de loi interminable, boycottÃ© par les soutiens du gouvernement, Michel Barnier pourra toujours dÃ©clencher le 49.3 en attendant les FranÃ§ais commencent Ã  s'inquiÃ©ter sÃ©rieusement.
A quoi sert cette AssemblÃ©e sinon Ã  ridiculiser la France ?"
1854514128070516789,https://x.com/C_deCourson/status/1854514128070516789,2024-11-07 13:19:57,fr,221,276,759,149,284837,436816838,C_deCourson,Charles de Courson,https://x.com/C_deCourson,"DÃ©putÃ© de la #Marne, Rapporteur GÃ©nÃ©ral du budget, Membre de la commission des finances, Conseiller dÃ©partemental de la Marne, @LesCentristes_ @GroupeLIOT_An",2011-12-14 16:27:07,32535,762,3394,2220,437,,False,,,,,,,,,"Hier, j'ai annoncÃ© que les dÃ©penses nouvelles votÃ©es en commission des finances, se chiffraient Ã  44 milliards. 

Une mise Ã  jour s'impose : le total des amendements votÃ©s en commission se chiffre Ã  57 milliards."
1854547614588436733,https://x.com/promptator/status/1854547614588436733,2024-11-07 15:33:01,fr,0,0,0,0,3,1780124858296254464,promptator,Promptator,https://x.com/promptator,"ğŸš€ Votre partenaire ultime pour des prompts ChatGPT performants ! Chez Promptator, nous fournissons des prompts pour booster votre productivitÃ©.",2024-04-16 06:43:41,36,16,887,2,12,France,False,,,,,,,,,"Les tÃ©lÃ©coms sont trÃ¨s prÃ©occupÃ©es par leur manque de visibilitÃ© dans le gouvernement de Michel Barnier. Aucun poste dÃ©diÃ© aux communications Ã©lectroniques n'a Ã©tÃ© attribuÃ©, contrairement aux gouvernements prÃ©cÃ©dents. Clara Chappaz, nouvelle secrÃ©taire dâ€™Etat Ã  lâ€™intelligence artificielle et au numÃ©rique, sera rattachÃ©e au ministÃ¨re de la recherche mais ne s'occupera que du numÃ©rique. Les tÃ©lÃ©coms pourraient Ãªtre relÃ©guÃ©es au ministÃ¨re de lâ€™Ã©conomie sans confirmation officielle. Les acteurs du secteur expriment leur inquiÃ©tude face Ã  ce manque de prioritÃ© pour des enjeux cruciaux d'inclusion et de compÃ©titivitÃ©. #TÃ©lÃ©coms #NumÃ©rique #Gouvernement"
1854510061005000870,https://x.com/DidierCloerec/status/1854510061005000870,2024-11-07 13:03:48,fr,0,0,0,0,24,869883959072751616,DidierCloerec,Le CloÃ«rec,https://x.com/DidierCloerec,,2017-05-31 11:51:12,947,3393,48153,73,3528,"Paris, France",False,,,,,,,,,"Pour composer un nouveau gouvernement autour de Michel Barnier, Emmanuel Macron a regardÃ© les tendances globales au parlement de Strasbourg davantage que le vote concernant l'assemblÃ©e nationale, c'est l'aboutissement du fÃ©dÃ©ralisme europÃ©en qu'induit la constitution de 2005, nous avons un gouvernement Ã  l'image du parlement de Strasbourg. Rien d'illÃ©gal, rien d'illogique mais je comprends que ces rÃ©alitÃ©s puissent vous dÃ©plaire."
1854477984284967245,https://x.com/VDMencommunPCF/status/1854477984284967245,2024-11-07 10:56:20,fr,1,3,7,1,175,234756852,VDMencommunPCF,Groupe Val-de-Marne en commun - PCF et Citoyenâ€¢nes,https://x.com/VDMencommunPCF,Groupe Val-de-Marne en commun - Parti Communiste FranÃ§ais et citoyenâ€¢nes vdmencommun@valdemarne.fr // 01.43.99.70.56,2011-01-06 13:57:43,831,505,1905,2358,545,"CrÃ©teil, France",False,,,,,,,,,"ğŸ”´ La presse en parle: En Seine et Marne, les Ã©luÂ·es de tous bords politiques manifestent ensemble contre la baisse de dotation aux dÃ©partements. 

Nous sommes prÃªts Ã  entrer en rÃ©sistance pour protester face aux mesures d'austÃ©ritÃ© imposÃ©es par le gouvernement de Michel Barnier. https://t.co/TNfTMnnvlq"
1854470150759514268,https://x.com/n_delattre/status/1854470150759514268,2024-11-07 10:25:12,fr,2,15,34,0,2795,1916605993,n_delattre,Nathalie Delattre,https://x.com/n_delattre,Ministre chargÃ©e des Relations avec le Parlement auprÃ¨s du Premier Ministre,2013-09-29 08:27:57,9386,2037,6831,12232,2346,"Bordeaux, France",False,Government,,,,,,,,Bienvenue aux parlementaires qui ont fait leur entrÃ©e Ã  lâ€™AssemblÃ©e nationale et au SÃ©nat avec la nomination du nouveau gouvernement de Michel Barnier. https://t.co/UCKnkPiu6B
1854443979070222707,https://x.com/HeXaGoN2027/status/1854443979070222707,2024-11-07 08:41:13,fr,0,0,0,0,4,1144190604961832960,HeXaGoN2027,Fury & Storm,https://x.com/HeXaGoN2027,F&S aiment tout le monde mais ne frÃ©quentent personne. Certitude : ils aiment niaquer les macronards et tous ceux de la secte.,2019-06-27 10:27:53,83,672,3840,4525,1489,Marquises,False,,,,,,,,,"@BFMTV Elle est donc toujours porte-parole de notre merde nationale... 
Michel Barnier parviendra Ã  virer au fil du temps les derniers macronards qui se sont planquÃ©s dans le gouvernement. Et la France respirera. Faut songer Ã  fermer BFM pour conspiration permanente et rÃ©itÃ©rÃ©e ğŸ‘Œ"
1854443721057554617,https://x.com/LFIstouendebain/status/1854443721057554617,2024-11-07 08:40:11,fr,0,1,3,0,57,1602804446345445379,LFIstouendebain,France Insoumise Saint-Ouen Debain,https://x.com/LFIstouendebain,"Groupe dâ€™action officiel certifiÃ© par @FranceInsoumise basÃ© dans les quartiers-est de Saint-Ouen, actif et ouvert Ã  tou.tes les Audonien.nes .",2022-12-13 23:16:36,678,1055,1966,2136,233,Saint-Ouen-sur-Seine ,False,,,,,,,,,Il a beaucoup Ã©tÃ© question de la frustration engendrÃ©e par le coup de force de Macron lorsqu'il a nommÃ© Michel Barnier Premier ministre et pas un gouvernement de gauche Ã  l'issue de la victoire du NFP en juillet dernier.
1854432228018676098,https://x.com/ArloQuin/status/1854432228018676098,2024-11-07 07:54:31,fr,1,1,6,0,690,370708787,ArloQuin,Arle Quin,https://x.com/ArloQuin,Joueur de triangle reconnu par ses pairs. Active toujours le mode sombre pour aller sur le Dark Web.,2011-09-09 14:03:30,123,559,8978,26453,330,,False,,,,,,,,,"@afpfr Des fois, on a besoin que lâ€™annonce soit conjuguÃ©e avec une publication de @AfpFactuel
LÃ , @afpfr relaie une dÃ©claration outranciÃ¨rement fausse.

Le gouvernement actuel nâ€™Ã©tait prÃ©cisÃ©ment PAS aux manettes quand Michel Barnier a annoncÃ© le dÃ©rapage."
1854197292309659709,https://x.com/InfosFrancaises/status/1854197292309659709,2024-11-06 16:20:58,fr,5,4,22,1,10207,4061586491,InfosFrancaises,Infos FranÃ§aises,https://x.com/InfosFrancaises,L'essentiel de l'actualitÃ© internationale et principalement franÃ§aise.,2015-10-28 15:52:01,108513,1996,38627,126,21891,Monde entier,False,,,,,,,,,"ğŸ‡ºğŸ‡¸ Trump rÃ©Ã©lu prÃ©sident : le Premier ministre franÃ§ais, Michel Barnier, a mis en garde les EuropÃ©ens contre le ""chacun pour soi"" aprÃ¨s la victoire de Donald Trump Ã  l'Ã©lection prÃ©sidentielle (porte-parole du gouvernement)."
1854191148396368273,https://x.com/LCP/status/1854191148396368273,2024-11-06 15:56:33,fr,6,8,50,2,10729,85362553,LCP,LCP,https://x.com/LCP,"LCP-AssemblÃ©e nationale | #DonnonsduSens
ğŸ›ï¸ Info parlementaire, politique et citoyenne
ğŸ“º TV #Canal13, YouTube : https://t.co/i7dP9xBqbh",2009-10-26 17:09:03,684873,2417,164702,1401,127729,Paris,False,,,,,,,,,".@hanane_mnsr (UDR) revient sur son soutien Ã  Michel Barnier lors de la primaire de la droite, en 2021 : ""Il avait un programme ferme sur l'immigration (...) maintenant, il est dans un gouvernement qui est en rÃ©alitÃ© macroniste."" #Gouvernement #Immigration #Legistream https://t.co/cr6r3t8lqP"
1854167211570577787,https://x.com/DiogenedArc/status/1854167211570577787,2024-11-06 14:21:26,fr,3,2,25,0,305,952926584,DiogenedArc,Philippe Poigeaud ğŸ‡ºğŸ‡¦,https://x.com/DiogenedArc,"Auteur euro-amÃ©ricain tendance latino ğŸ‡«ğŸ‡·ğŸ‡§ğŸ‡·ğŸ‡ªğŸ‡º

ğ‘¶ğ’ğ’ğ’† ğ’”ğ’ğ’ğ’–ğ’ ğ’‡ğ’ğ’“ğ’•ğ’Š ğ’‘ğ’‚ğ’•ğ’“ğ’Šğ’‚",2012-11-17 04:37:31,14599,8902,374604,51197,26679,Un EuropÃ©en aux AmÃ©riques,False,,,,,,,,,"Le premier ministre ğŸ‡«ğŸ‡· Michel Barnier a mis en garde les EuropÃ©ens mercredi 6 novembre contre le Â«chacun pour soiÂ» aprÃ¨s la victoire de Donald Trump Ã  la prÃ©sidence des ğŸ‡ºğŸ‡¸ plaidant pour une Â«stratÃ©gie europÃ©enne coordonnÃ©eÂ», a rapportÃ© la porte-parole du gouvernement."
1854138077737795832,https://x.com/MelleEnne/status/1854138077737795832,2024-11-06 12:25:40,fr,0,0,3,0,41,962789167,MelleEnne,Mademoiselle N.,https://x.com/MelleEnne,"ğŸ‡¨ğŸ‡µ Ne me cherchez pas, je n'y suis pour personne ! Je vis de la recherche mais un peu plus que les autres.",2012-11-21 17:33:53,159,261,4017,6197,151,Dans ma culotte,False,,,,,,,,,@BFMTV Elle n'est pas la porte-parole de Macron mais du gouvernement dont le chef est Michel Barnier. Donc qu'elle la ferme.
1854134308333568318,https://x.com/FranceTVEurope/status/1854134308333568318,2024-11-06 12:10:41,fr,1,0,3,0,405,1469334542897098757,FranceTVEurope,France TV Europe,https://x.com/FranceTVEurope,Toute lâ€™offre Ã©ditoriale europÃ©enne de France TÃ©lÃ©visions @FranceTele | Â« Vu dâ€™Europe Â» sur le site https://t.co/E5Gnclw4eO | Nous Ã©crire : Europe@francetv.fr,2021-12-10 15:55:36,6833,1007,19248,256,7560,Europe,False,,,,,,,,,"ğŸ‡«ğŸ‡· Le Premier ministre, Michel Barnier, a mis en garde les EuropÃ©ens contre le ""chacun pour soi"" aprÃ¨s la victoire de Donald Trump, a rapportÃ© la porte-parole du gouvernement, Maud Bregeon. â¤µï¸"
1854120404454965418,https://x.com/permanewsfr/status/1854120404454965418,2024-11-06 11:15:26,fr,0,0,0,0,7,1843056497212997632,permanewsfr,Permanews,https://x.com/permanewsfr,"Permanews: Restez en permanence au courant ! ğŸ”Œâš¡
Abonnez-vous et activez la cloche pour ne rien manquer. ğŸ””",2024-10-06 22:31:54,715,0,421,3,396,France,False,,,,,,,,,"Michel Barnier, 2 mois aprÃ¨s sa nomination :
Leadership discret ou absence de contrÃ´le ? ğŸ¤”

Son gouvernement ""Frankenstein"" fait des vagues, mais le PM reste serein.

Calme dans la tempÃªte ou capitaine sans gouvernail ? ğŸŒŠğŸš¢

Le style Barnier divise. Qu'en pensez-vous ? https://t.co/TLgE9CR4OV"
1854090886495301817,https://x.com/patrickmallet14/status/1854090886495301817,2024-11-06 09:18:09,fr,0,0,1,0,15,1283614780960509952,patrickmallet14,Patrick Mallet,https://x.com/patrickmallet14,"artiste graphiste, jaime la France de De Gaulle pas celle d'aujourd'hui.#JambonBeurre #patriot #soldatdefrance #novaxcovid",2020-07-16 04:10:29,3737,4989,17802,10266,4734,âœï¸ğŸ‡«ğŸ‡·,False,,,,,,,,,"AprÃ¨s l'annonce de 3.600 suppressions de postes en une seule journÃ©e par ces deux fleurons du capitalisme franÃ§ais, le gouvernement de Michel Barnier s'est retrouvÃ© sous le feu nourri de la gauche. https://t.co/uVftQk2WJi"
1854049320057892977,https://x.com/Olivier_Kauf/status/1854049320057892977,2024-11-06 06:32:59,fr,0,0,0,0,7,85132478,Olivier_Kauf,RiskAssur/Notre-Siecle/PereLaFouine,https://x.com/Olivier_Kauf,Journaliste https://t.co/lbFBclyocA : mag pro. d'assurance https://t.co/6KlKz5ezHY : https://t.co/j0mp74NaRt : https://t.co/FKYfpNfB3p,2009-10-25 18:09:19,5481,783,380474,145,11611,OrlÃ©ans,False,,,,,,,,,La mÃ©thode de gouvernement du Premier ministre Michel Barnier doit faire ses preuves - https://t.co/HqO2aT91PR
1853942070882271273,https://x.com/socialistesAN/status/1853942070882271273,2024-11-05 23:26:48,fr,5,35,62,2,8911,201737230,socialistesAN,DÃ©putÃ©s Socialistes et apparentÃ©s,https://x.com/socialistesAN,L'actualitÃ© des dÃ©putÃ©s Socialistes & apparentÃ©s ! PrÃ©sident : @BorisVallaud,2010-10-12 14:25:42,45278,3258,34618,337,3450,@AssembleeNat,False,,1.8539371283185792e+18,https://x.com/JeromeGuedj/status/1853937128318579151,2024-11-05 23:07:10,"Nous voulions terminer lâ€™examen du PLFSS, et demandions une sÃ©ance de nuit. Le gouvernement a refusÃ© , ne voulant probablement pas sâ€™expliquer sur lâ€™article 23 (gel des pensions). 

Et surtout, par cette manÅ“uvre, pas de vote final sur le budget de la SÃ©cu pour Ã©viter un dÃ©saveu.",44.0,32.0,fr,"ğŸ”´ Scandaleux ! 

Nous Ã©tions prÃªts Ã  aller au bout de lâ€™examen du budget de la sÃ©curitÃ© sociale mais le Gouvernement a coupÃ© les dÃ©bats, et a Ã©crasÃ© 3 semaines de travail parlementaire ! #DirectAN 

Michel Barnier continue la brutalisation du Parlement."
1853937128318579151,https://x.com/JeromeGuedj/status/1853937128318579151,2024-11-05 23:07:10,fr,10,32,44,4,13537,26725581,JeromeGuedj,JÃ©rÃ´me Guedj,https://x.com/JeromeGuedj,DÃ©putÃ© de lâ€™Essonne @AssembleeNat | Ancien pdt @cdessonne | Cons. rÃ©gional @iledefrance | Porte-parole et SecrÃ©taire nat. Ã  la laÃ¯citÃ© @partisocialiste,2009-03-26 11:04:51,44691,3673,16826,12774,2933,,False,,,,,,,,,"Nous voulions terminer lâ€™examen du PLFSS, et demandions une sÃ©ance de nuit. Le gouvernement a refusÃ© , ne voulant probablement pas sâ€™expliquer sur lâ€™article 23 (gel des pensions). 

Et surtout, par cette manÅ“uvre, pas de vote final sur le budget de la SÃ©cu pour Ã©viter un dÃ©saveu."
1853938053724676161,https://x.com/Astro_Aure/status/1853938053724676161,2024-11-05 23:10:51,fr,1,0,2,0,285,1003663423039852547,Astro_Aure,AurÃ©lien Genin @astroaure.bsky.social,https://x.com/Astro_Aure,"Astronome amateur ğŸ”­ğŸ“¸ Etudiant en robotique spatiale Ã  l'@EPFL ğŸ›°ğŸ”§ Veut explorer l'univers Ã  coups de robots ğŸ¤–
Alumni @Polytechnique ğŸ”§ et @ObsCoteAzur ğŸŒŒ",2018-06-04 15:43:01,4309,1188,23581,60849,2816,France ğŸ‡¨ğŸ‡µ,False,,1.8539363030179804e+18,https://x.com/Projet_Arcadie/status/1853936303017980345,2024-11-05 23:03:53,"La ministre des relations avec le Parlement dit que certains amendements seront retenus.
Merci au rapporteur et au Gouvernement de nous avoir racontÃ© leur vie ces deux derniers jours alors qu'on aurait pu largement finir.",177.0,66.0,fr,"Michel Barnier disait vouloir Ã©couter l'AssemblÃ©e et lui laisser le temps de dÃ©battre. Il n'en est rien. Le socle commun et le gouvernement ont fait tarder l'examen des amendements sur le Projet de Loi de Financement de la SÃ©curitÃ© Sociale, qui n'a donc pas pu atteindre le vote.."
1853936303017980345,https://x.com/Projet_Arcadie/status/1853936303017980345,2024-11-05 23:03:53,fr,5,66,177,4,14881,2863374502,Projet_Arcadie,Projet Arcadie,https://x.com/Projet_Arcadie,"MÃ©dia sur le Parlement et la vie parlementaire.
NÂ° 0623 Z 94949",2014-11-05 22:13:15,44932,1553,95740,294,2886,Paris,False,,,,,,,,,"La ministre des relations avec le Parlement dit que certains amendements seront retenus.
Merci au rapporteur et au Gouvernement de nous avoir racontÃ© leur vie ces deux derniers jours alors qu'on aurait pu largement finir."
1853883020811649403,https://x.com/YvesPDB/status/1853883020811649403,2024-11-05 19:32:10,fr,8,9,15,0,881,2365378849,YvesPDB,Yves Pozzo di Borgo,https://x.com/YvesPDB,SÃ©nateur (2004-2017) Conseiller Paris 7e 1998-2020 ex-Inspecteur GÃ©nÃ©ral Recherche 1999-2004 ex-APHP ex-COE OSCE UIP ex- Administrateur Tour Eiffel (2001-2020),2014-02-28 09:53:47,125396,36246,871855,641408,18395,Paris,False,,,,,,,,,"Plans sociaux chez Auchan et Michelin : Michel Barnier veut ""savoir"" ce que les entreprises ont fait ""de l'argent public qu'on leur a donnÃ©"" - https://t.co/56R7LevLFa

Cela devient du nâ€™importe quoi ce gouvernement ? Que fait â¦@MichelBarnierâ© ?  https://t.co/hdvGDSTdke"
1853857332557705252,https://x.com/Poussielgue/status/1853857332557705252,2024-11-05 17:50:05,fr,0,0,0,0,202,64731000,Poussielgue,GrÃ©goire Poussielgue,https://x.com/Poussielgue,"journaliste Ã  @LesEchos sur l'exÃ©cutif, la majoritÃ©, La Republique En Marche etc.....",2009-08-11 14:42:59,6964,3715,11051,176,672,"Paris, Paris",False,,,,,,,,,Les suppressions de postes et fermetures d'usines chez #Auchan et #Michelin placent le #gouvernement de Michel #Barnier sur la dÃ©fensive https://t.co/7HcqO0Kuz1
1853672715485352154,https://x.com/va_infos/status/1853672715485352154,2024-11-05 05:36:29,fr,0,0,0,0,41,815578641434378240,va_infos,va-infos.fr,https://x.com/va_infos,"https://t.co/9ECtCyhsmY
Presse en ligne sur le Valenciennois
Daniel Carlier",2017-01-01 15:21:15,411,1,3235,7,3158,"Valenciennes, France",False,,,,,,,,,Les associations des collectivitÃ©s locales et territoriales montent au crÃ©neau contre le projet de budget du Gouvernement de Michel Barnier sur https://t.co/xJ2GARMmzu https://t.co/JYfcoDWHXU
1853540923596284173,https://x.com/dydynamo78/status/1853540923596284173,2024-11-04 20:52:47,fr,0,0,0,0,18,1596101559594663939,dydynamo78,Agnes Polak #D,https://x.com/dydynamo78,mutuus dissensus - grÃ©viste de la conso - je ne suis pas un QR code,2022-11-25 11:21:13,278,826,17070,4740,225,,False,,,,,,,,,"Michel Barnier, en sÃ©minaire avec le gouvernement, somme ses ministres dâ€™arrÃªter les couacs
mais Ã  quoi sert la ministre chargÃ©e de la coordination gouvernementale Marie-Claire CarrÃ¨re-GÃ©e ?"
1853502654283968610,https://x.com/GREUBELINUX/status/1853502654283968610,2024-11-04 18:20:43,fr,0,0,0,0,8,219411441,GREUBELINUX,GREUBE HUMAINE,https://x.com/GREUBELINUX,affiliÃ© a  Amnesty International tweets sont les miens  #UnionPopulaire #FranceInsoumise  @geenpeacefr @amnestyfrance @chainedelespoir @ldh_Fr @Solidarites_Int,2010-11-24 19:59:43,1631,2712,623943,229519,34889,Etats-Unis,False,,,,,,,,,"Le Premier ministre, Michel Barnier, reÃ§oit Ã  Matignon le lundi 4 novembre tout son gouvernement et ses 40 ministres, dans lâ€™espoir de trouver des propositions Ã  mettre en Å“uvre.https://t.co/BFH1DGxhHJ"
1853497905966981617,https://x.com/FrancoiseGatel/status/1853497905966981617,2024-11-04 18:01:51,fr,1,6,15,1,1250,723157104878444544,FrancoiseGatel,FranÃ§oise GATEL,https://x.com/FrancoiseGatel,"Ministre dÃ©lÃ©guÃ©e chargÃ©e de la RuralitÃ©, du Commerce et de l'Artisanat ğŸ‡«ğŸ‡· â€¢ ConseillÃ¨re municipale de @chateaugiron â€¢ Vice-prÃ©sidente de l'@UDI_off",2016-04-21 14:31:04,6767,896,9852,110723,3195,,False,Government,,,,,,,,"Depuis le premier jour, le Premier ministre et le Gouvernement sâ€™engagent pleinement en faveur de la simplification, Ã  tous les niveaux. Nous devons lever les freins qui empÃªchent, contraignent et complexifient. 

â¡ï¸Ce week-end, Michel Barnier a adressÃ© Ã  lâ€™ensemble des prÃ©fets une circulaire demandant de recenser les projets locaux Â« ralentis ou empÃªchÃ©s par la complexitÃ© de la rÃ©glementation afin d'accÃ©lÃ©rer leur rÃ©alisation Â».   
  
Nous continuerons d'Å“uvrer avec dÃ©termination pour le pouvoir d'agir des Ã©lus locaux."
1853479045280702533,https://x.com/LesEchos/status/1853479045280702533,2024-11-04 16:46:55,fr,0,0,0,1,3055,92564226,LesEchos,Les Echos,https://x.com/LesEchos,"L'actualitÃ© Ã©conomique, financiÃ¨re et boursiÃ¨re franÃ§aise et internationale.",2009-11-25 17:01:01,1402729,513,573458,347,157303,Paris,False,Business,,,,,,,,Le message de Michel Barnier Ã  son gouvernement pour resserrer les rangs https://t.co/CVzfnmJrbl
1853475150982738013,https://x.com/Reporterre/status/1853475150982738013,2024-11-04 16:31:26,fr,3,7,13,1,1807,810446802,Reporterre,Reporterre ğŸŒ | Le mÃ©dia de l'Ã©cologie,https://x.com/Reporterre,"MÃ©dia indÃ©pendant, en accÃ¨s libre, sans publicitÃ©, Ã  but non lucratif, dÃ©diÃ© Ã  l'urgence Ã©cologique. 
FinancÃ© par les dons de ses lectrices et lecteurs.",2012-09-08 08:00:18,147738,336,32074,1007,7455,,False,Business,,,,,,,,"Le Premier ministre, Michel Barnier, reÃ§oit Ã  Matignon le lundi 4 novembre tout son gouvernement et ses 40 ministres, dans lâ€™espoir de trouver des propositions Ã  mettre en Å“uvre.
https://t.co/RDIc9D1Wq0"
1853461081844269177,https://x.com/mclucal/status/1853461081844269177,2024-11-04 15:35:32,fr,1,3,5,0,416,1002825063966674944,mclucal,LucAl,https://x.com/mclucal,Prof de sciences sociales,2018-06-02 08:11:41,5218,152,51485,90984,5050,France,False,,,,,,,,,"En France, les extrÃªmes se rejoignent avec le gouvernement de Michel Barnier et Emmanuel Macron : la politique Ã©conomique pro-bourgeoisie (extrÃªme-centre) ne passe plus chez les citoyens sans violence physique et racisme (extrÃªme-droite). ğŸ‘ Alain Deneault https://t.co/9u4xEjneBF"
1853451477244641368,https://x.com/nuVoxioFR/status/1853451477244641368,2024-11-04 14:57:22,fr,0,0,0,0,12,1838880736536866816,nuVoxioFR,nÅ«Voxio,https://x.com/nuVoxioFR,Des infos sÃ©lectionnÃ©es pour vous aider Ã  rester informÃ©.,2024-09-25 09:58:42,81,70,3548,85,2923,France,False,,,,,,,,,"ALERTE : Ã€ Paris, lors d'un sÃ©minaire gouvernemental, Michel Barnier, ministre franÃ§ais, tente dÃ©sespÃ©rÃ©ment de rassembler une coalition Ã©parpillÃ©e autour d'idÃ©es anachroniques sur le budget. Cette rÃ©union tÃ©moigne de l'ineptie d'un gouvernement qui n'arrive pas Ã  s'unir face Ã  l'urgence de politiques progressistes. Pendant que les vÃ©ritables enjeux sociaux sont ignorÃ©s, ces leaders corrompus se concentrent sur leur propre survie politique dans une dÃ©marche honteusement Ã©goÃ¯ste. #FemmeVieLibertÃ© #Goncourt #RudiGarcia"
1853437691704021272,https://x.com/lvdtg/status/1853437691704021272,2024-11-04 14:02:35,fr,0,0,0,0,12,1825566345414512642,lvdtg,La Voix du Tarn-et-Garonne,https://x.com/lvdtg,"ğŸ“° Votre mÃ©dia 100% local en Tarn-et-Garonne
ğŸ—£ï¸ L'info par et pour les Tarn-et-Garonnais
ğŸ¡ Actus, Ã©vÃ©nements, initiatives locales
ğŸŒ https://t.co/9RxXgmWvB5",2024-08-19 16:11:58,7,64,139,27,1,Montauban,False,,,,,,,,,Le gouvernement de Michel Barnier cherche un second souffle au-delÃ  du budget https://t.co/pd21DEUMRR
1853405132144214431,https://x.com/j_lozack/status/1853405132144214431,2024-11-04 11:53:12,fr,0,1,3,0,169,862559380146978816,j_lozack,ğŸ‡¨ğŸ‡µJohnLKğŸ‡ºğŸ‡¸,https://x.com/j_lozack,ğŸ‡¨ğŸ‡µPour que la France redevienne la France comme l'AmÃ©rique est redevenue l'AmÃ©riqueğŸ‡ºğŸ‡¸,2017-05-11 06:45:56,1113,1552,27125,15523,2702,Bretagne ,False,,,,,,,,,@JphTanguy @antoine_armand Oui mais maintenant comment allez vous faire pour voter une motion de censure contre le gouvernement ! Michel Barnier est en train de vous mener en bateau
1853342675111444752,https://x.com/La_Quotidienne/status/1853342675111444752,2024-11-04 07:45:01,fr,0,1,1,0,153,408401347,La_Quotidienne,La Quotidienne,https://x.com/La_Quotidienne,"L'actualitÃ© du Tourisme pour les professionnels. Tourisme, destinations, technologies, transport, hÃ´tellerie, voyages. http://t.co/aLJAL3ADEL",2011-11-09 11:21:36,6730,2895,17480,13,8339,Paris,False,,,,,,,,,"Infos de lâ€™aÃ©rien : Iberia, Transavia, Singapore Airlines, Air France, Lufthansa, Scoot, Eurowings, etc. Le gouvernement de Michel Barnier continue de travailler sur une nouvelle taxe sur les vols privÃ©s,... https://t.co/YT6oIqThXN https://t.co/Q6976Cs4K4"
1853342467686281344,https://x.com/DD75007/status/1853342467686281344,2024-11-04 07:44:12,fr,0,2,6,0,121,582922075,DD75007,DaniÃ¨le Deschamps,https://x.com/DD75007,Ex Dircom filiale Cie Bancaire (Paribas) et Cabinet ministÃ©riel,2012-05-17 16:23:48,9218,979,56698,66700,17575,Paris,False,,,,,,,,,"Â«VISION A 5 ANS, ACTION A 3 ANSÂ»,
MICHEL BARNIER RÃ‰UNIT SES MINISTRES POUR RÃ‰FLÃ‰CHIR AUX 3 PROCHAINES ANNÃ‰ES
Le premier ministre rÃ©unira son gouvernement lundi pr plancher sur lâ€™avenir de la ğŸ‡«ğŸ‡· et faire Ã©merger, d'ici la fin de l'annÃ©e, des propositions Ã  mettre en Å“uvre sur 3ans https://t.co/SOyx542eju"
1853272816688271752,https://x.com/nuVoxioFR/status/1853272816688271752,2024-11-04 03:07:26,fr,0,0,0,0,7,1838880736536866816,nuVoxioFR,nÅ«Voxio,https://x.com/nuVoxioFR,Des infos sÃ©lectionnÃ©es pour vous aider Ã  rester informÃ©.,2024-09-25 09:58:42,81,70,3548,85,2923,France,False,,,,,,,,,"RÃ‰VÃ‰LATION : Michel Barnier, le ministre en quÃªte d'un semblant de lÃ©gitimitÃ©, tente de rassembler sa coalition lÃ¢che pour prÃ©parer des propositions bidons au-delÃ  d'un budget calamiteux. Ce sÃ©minaire, qui vise Ã  masquer l'incapacitÃ© totale de son gouvernement Ã  rÃ©pondre aux besoins des citoyens, est une imposture. Pendant que l'argent public s'Ã©vapore, la prÃ©caritÃ© grandit, et les vÃ©ritables urgences sociales restent camouflÃ©es. Que font-ils pour nous, autres qu'alimenter leur Ã©go ? #Trump #Nantes #Gasly"
1853154554474299605,https://x.com/FigaroPolitique/status/1853154554474299605,2024-11-03 19:17:30,fr,0,1,2,0,826,2361313322,FigaroPolitique,Le Figaro Politique,https://x.com/FigaroPolitique,Toute l'actualitÃ© politique avec @Le_Figaro,2014-02-25 16:11:12,42494,1537,28260,375,4426,,False,,,,,,,,,"ENTRETIEN - Pour le mÃ©decin et maire LR dâ€™Antibes, qui donna son nom aux lois de 2005 et 2016, si le gouvernement de Michel Barnier permettait lâ€™accÃ¨s aux soins palliatifs en France et lâ€™Ã©galitÃ©â€¦
â¡ï¸ https://t.co/JiYutn4jES https://t.co/JiYutn4jES"
1853088001758212335,https://x.com/frhaz/status/1853088001758212335,2024-11-03 14:53:02,fr,2,5,11,0,1768,111816507,frhaz,Haziza FrÃ©dÃ©ric,https://x.com/frhaz,"Journaliste #ForumRadioJ, #LesEnfantsDeLaRÃ©publique #LEDLR.Mes tweets n'engagent que moi,Ã©ventuellement ceux qui pensent comme moi. Quant aux autres â€¦",2010-02-06 06:36:25,25643,1964,31405,18707,7258,Paris,False,,,,,,,,,"Â«Â @MichelBarnier, je pense que câ€™est une rÃ©vÃ©lation de cette rentrÃ©e. Michel Barnier aura moins de difficultÃ©s Ã  tenir son gouvernement que @GabrielAttal Ã  tenir son groupeÂ Â»: @KARLOLIVE #ForumRadioJ @RadioJFrance https://t.co/VKjB9vyQI9"
1853032261869764655,https://x.com/RachidDilmi6/status/1853032261869764655,2024-11-03 11:11:33,fr,1,0,0,0,53,1492244878591508487,RachidDilmi6,Rachid Dilmi,https://x.com/RachidDilmi6,"LA LIBERTÃ‰ D'INFORMER
LE DROIT DE PENSER.
JE DIS TOUT HAUT
TOI QUI PENSES TOUT BAS...J'OSE !",2022-02-11 21:11:58,67,178,3895,2263,87,,False,,,,,,,,,"@PrevostRenald LE PROCHAIN GOUVERNEMENT DE JEAN LUC MÃ‰LENCHON D'UNE JEUNESSE Ã‰CLATANTE DE MANUEL BOMPART,MATHILDE PANOT,ANTOINE LÃ‰AUMENT,RIMA HASSANE...QUE LE GOUVERNEMENT EXTRÃ‰MISTE DES VIEUX DE MICHEL BARNIER.
VIVEMENT 2027 !"
1852981070309839320,https://x.com/franceinfo/status/1852981070309839320,2024-11-03 07:48:08,fr,5,2,8,0,14539,38395124,franceinfo,franceinfo,https://x.com/franceinfo,L'actualitÃ© en direct et en continu avec le mÃ©dia global du service public.,2009-05-07 08:17:50,2509904,1423,431457,18028,240781,"Paris, France",False,,,,,,,,,"ğŸ”´ Gouvernement de Michel Barnierâ¡ï¸ ""Le 49.3, Ã  un moment ou Ã  un autre de la discussion parlementaire, est inÃ©luctable"", dÃ©clare David Amiel. https://t.co/N5lzNGdEJJ"
1852800637097959465,https://x.com/Angles_Yannis/status/1852800637097959465,2024-11-02 19:51:09,fr,0,0,2,0,120,1331540304672002049,Angles_Yannis,Yannis Angles,https://x.com/Angles_Yannis,"@mediapart ğŸ“¬ yannis.angles@mediapart.fr
@ejcam_amu / @lachance_media",2020-11-25 10:09:09,941,565,8189,129107,249,"Paris, France ",False,,,,,,,,,"Le gouvernement de Michel Barnier a ressorti les Ã©lÃ©ments de langage chÃ©ris par le prÃ©sident Emmanuel Macron lorsquâ€™il sâ€™agit de diminuer les droits sociaux. L'objectif aujourd'hui, rÃ©duire ceux des fonctionnaires. 

Mon papier pour @Mediapart
https://t.co/LNPNztuz0o"
1852784911649824804,https://x.com/LFI_RoyaumeUni/status/1852784911649824804,2024-11-02 18:48:40,fr,0,1,4,0,85,1832765475173920768,LFI_RoyaumeUni,LFI â¤ï¸ NFP Royaume-Uni,https://x.com/LFI_RoyaumeUni,"Compte officiel du GA LFI Groupe de Soutien du Royaume-Uni, 3eme circonscription des franÃ§ais de l'Ã©tranger. Retrouvez tous les GA de la circo dans le lien ğŸ‘‹",2024-09-08 12:59:03,403,111,454,302,64,"London, England",False,,1.8527053035585416e+18,https://x.com/le_Parisien/status/1852705303558541535,2024-11-02 13:32:20,"Â«Les collÃ¨gues veulent rentrer au refuge, quitter cet hÃ´pital psychiatrique quâ€™est devenue lâ€™AssemblÃ©e, oÃ¹ ils se sentent inutilesÂ», confie un dÃ©putÃ© MoDem
â¡ï¸ https://t.co/7cdrpnJN0X https://t.co/BVrzBxPDHw",116.0,73.0,fr,"""La majoritÃ© relative du gouvernement de Michel Barnier accumule les dÃ©faites lors des mises aux voix des amendements, dÃ©posÃ©s dans le cadre de lâ€™examen du budget et de celui de la SÃ©curitÃ© sociale. La faute en partie Ã  lâ€™absentÃ©isme."" https://t.co/xYBaezJr0g"
1852705303558541535,https://x.com/le_Parisien/status/1852705303558541535,2024-11-02 13:32:20,fr,63,73,116,39,40400,38142665,le_Parisien,Le Parisien,https://x.com/le_Parisien,Lâ€™actualitÃ© qui vous concerneğŸ“±ğŸ—ï¸,2009-05-06 08:50:13,3398846,369,607840,716,164557,"Paris, France",False,Business,,,,,,,,"Â«Les collÃ¨gues veulent rentrer au refuge, quitter cet hÃ´pital psychiatrique quâ€™est devenue lâ€™AssemblÃ©e, oÃ¹ ils se sentent inutilesÂ», confie un dÃ©putÃ© MoDem
â¡ï¸ https://t.co/7cdrpnJN0X https://t.co/BVrzBxPDHw"
1852760888601682413,https://x.com/ChMeggle/status/1852760888601682413,2024-11-02 17:13:13,fr,1,0,0,0,12,2226931357,ChMeggle,Chantal MegglÃ©,https://x.com/ChMeggle,"MÃ¨re , grand-mÃ¨re, Ã©pouse, amie fidÃ¨le.
Amoureuse de la vie qui est, qui va, qui vient.",2013-12-02 16:28:04,1234,1550,55163,78569,927,Chatou dans les Yvelines,False,,,,,,,,,"@Francoiszero2 @le_Parisien Oui.
Donc Ã§a corrobore ce que je dis.
Une Ministre de gauche dans un gouvernement dirigÃ© par un homme de droite, Michel Barnier."
1852716281830559974,https://x.com/ChristinaHell/status/1852716281830559974,2024-11-02 14:15:58,fr,0,0,0,0,11,287734431,ChristinaHell,Chris Tina,https://x.com/ChristinaHell,ğŸ’€ğŸºğŸ¶,2011-04-25 15:41:52,803,4689,156331,159605,15861,France ,False,,,,,,,,,"(La #majoritÃ© relative du #gouvernement de Michel Barnier accumule les dÃ©faites lors des mises aux voix des amendements, dÃ©posÃ©s dans le cadre de lâ€™examen du #budget et de celui de la #SÃ©curitÃ©sociale. La faute en partie Ã  lâ€™#absentÃ©isme.)
https://t.co/ZehNMLxnmN"
1852667399322865792,https://x.com/AutoMotoOffi/status/1852667399322865792,2024-11-02 11:01:43,fr,0,0,0,0,178,2814900559,AutoMotoOffi,Auto Moto Officiel,https://x.com/AutoMotoOffi,"Bienvenue sur le compte officiel du magazine Auto Moto et du site https://t.co/9pQU2t3hHC ! #News, #essais, #scoops, #pratique. Ne ratez rien de l'automobile.",2014-09-17 12:34:13,16416,623,24736,131,17472,Boulogne-Billancourt,False,,,,,,,,,"Le gouvernement de Michel Barnier pourrait Ãªtre tentÃ© d'user de ses recours lÃ©gislatifs pour faire passer son projet de loi de finances et le durcissement du malus Ã©cologique. Le 49.3 est une option, comme lâ€™article...  https://t.co/PsYorfSFqC"
1852645136607412653,https://x.com/courrierinter/status/1852645136607412653,2024-11-02 09:33:15,fr,5,2,4,0,3812,83864876,courrierinter,Courrier inter,https://x.com/courrierinter,ğŸ—Le meilleur de la presse Ã©trangÃ¨re ğŸŒ,2009-10-20 15:28:28,420403,400,145514,2934,62324,Paris,False,Business,,,,,,,,"ğŸ‡«ğŸ‡· DÃ¨s sa nomination au sein du gouvernement de Michel Barnier, le nouveau ministre de lâ€™IntÃ©rieur avait affichÃ© ses prioritÃ©s : â€œRÃ©tablir lâ€™ordre, rÃ©tablir lâ€™ordre, rÃ©tablir lâ€™ordre.â€ Pour ce faire, Bruno Retailleau promet de durcir le ton sur lâ€™immi... https://t.co/iv2Kz2YZKp"
1852625701410590863,https://x.com/BobLeCentriste/status/1852625701410590863,2024-11-02 08:16:01,fr,0,2,6,0,1006,457444998,BobLeCentriste,Bob le Centriste ğŸ‡ªğŸ‡º,https://x.com/BobLeCentriste,"Â«Le centre est un culbuto auquel la sociÃ©tÃ© franÃ§aise revient toujours.Â» âœ© EuropÃ©en, libÃ©ral, fÃ©dÃ©raliste et dÃ©mocrate âœ© #ALDEparty âœ© ex-UDI âœ© #ToFedEU",2012-01-07 12:20:19,22527,5837,217016,55060,21860,Europe,False,,,,,,,,,"Michel #Barnier abandonnÃ©s par ses dÃ©putÃ©s, quâ€™il nÃ©glige : Â« On peut comprendre le manque de prÃ©sence dans la pÃ©riode. On a un gouvernement qui ne dialogue pas et des oppositions qui vous font perdre dÃ¨s quâ€™elles le dÃ©sirentâ€¦ Â» 
by @ludwiggallet https://t.co/vYbdNIV4go https://t.co/zhPjl7pT38"
1852322389499007471,https://x.com/Solange__C/status/1852322389499007471,2024-11-01 12:10:46,fr,0,8,13,0,205,362968592,Solange__C,Solange ğŸ‡«ğŸ‡·ğŸ‡ªğŸ‡º,https://x.com/Solange__C,adhÃ©rente Renaissance,2011-08-27 08:55:16,6274,5389,70033,11469,1035,France,False,,,,,,,,,"ğŸ’ Les 3Â millions de salariÃ©s au smic vont avoir la bonne surprise de voir leur rÃ©munÃ©ration lÃ©gÃ¨rement progresser dÃ¨s le mois prochain. En dÃ©pit du contexte Ã©conomique difficile, le gouvernement de Michel Barnier a dÃ©cidÃ© dâ€™avancer au 1erÂ novembre la revalorisation du salaire minimum qui tombe habituellement au 1erÂ janvier. Il sâ€™agit en effet du dernier revenu encore indexÃ© sur lâ€™inflation en France. Cette annÃ©e, la progression sera de 2Â %. Cela reprÃ©sente un gain de 23Â centimes bruts par heure, soit 34,88Â euros bruts par mois sur la base de la durÃ©e lÃ©gale du travail de 35Â heures hebdomadaires."
1852304581172351158,https://x.com/coordinationrur/status/1852304581172351158,2024-11-01 11:00:00,fr,203,611,1163,38,30564,175338882,coordinationrur,Coordination Rurale,https://x.com/coordinationrur,"Seul #syndicat agricole qui propose un changement pour lâ€™#agriculture.
Ses responsables sont des bÃ©nÃ©voles, #agricultrices et #agriculteurs vivant de leur ferme",2010-08-06 09:45:43,14358,2927,7344,1115,3013,"Auch, France",False,,,,,,,,,"ğŸ”´ La Coordination Rurale a rencontrÃ© le Premier ministre, M. Barnier ! ğŸ”´
Un rÃ©sumÃ© en deux phrases par AmÃ©lie RebiÃ¨re, vice-prÃ©sidente de la CR : â€œMichel Barnier nous a assurÃ© Ãªtre contre cet accord de libre-Ã©change mais nous a dirigÃ©s vers les eurodÃ©putÃ©s. Le gouvernement nâ€™a pas pris la mesure de la situation traversÃ©e par les agriculteurs.â€
Pour que le MERCOSUR ne dÃ©truise pas notre agriculture, La CR ne lÃ¢che rien, et on reste sur le terrain ! ğŸ’ª
ğŸ‘‰Â Rejoignez-nous : https://t.co/f11l84JuEV
ğŸ“°Â L'article complet de @lamontagne_fr : https://t.co/XOpVVCXeR3
#RencontreAgricole #Equitalyon #FiliÃ¨reEquine #CoordinationRurale #AgricultureEnDanger #AgriculteursEnColÃ¨re #CriseAgricoleÂ  #AgricultureFranÃ§aise #UrgenceAgricole #CR #MERCOSUR #OMC"
1852257093157335478,https://x.com/franceinfo/status/1852257093157335478,2024-11-01 07:51:18,fr,29,10,18,8,17506,38395124,franceinfo,franceinfo,https://x.com/franceinfo,L'actualitÃ© en direct et en continu avec le mÃ©dia global du service public.,2009-05-07 08:17:50,2509904,1423,431457,18028,240781,"Paris, France",False,,,,,,,,,"ğŸ”´ Budget â¡ï¸ ""Je dis Ã  Michel Barnier que cette situation d'absence de majoritÃ© et l'extrÃªme gravitÃ© de la situation font que le gouvernement devrait siffler la fin de la rÃ©crÃ©ation trÃ¨s rapidement : utiliser le 49.3 et faire adopter ainsi le budget"", dit Philippe Juvin. https://t.co/MPa64fMsip"
1852242242448064979,https://x.com/papperspolitics/status/1852242242448064979,2024-11-01 06:52:18,fr,1,0,0,0,36,1627958942293807104,papperspolitics,Pappers Politique,https://x.com/papperspolitics,,2023-02-21 09:10:40,492,682,291,129,16,,False,,,,,,,,,"[31/10] Projet de loi autorisant lâ€™approbation de lâ€™accord entre le Gouvernement de la RÃ©publique franÃ§aise et lâ€™Observatoire du rÃ©seau dâ€™antennes dâ€™un kilomÃ¨tre carrÃ© (SKAO) relatif Ã  lâ€™adhÃ©sion de la France dÃ©posÃ©e au SÃ©nat par Michel Barnier (BARNIER), cosignÃ©e par 1 sÃ©nteurs"
1852129038892175452,https://x.com/Vagelvg/status/1852129038892175452,2024-10-31 23:22:28,fr,0,0,0,0,14,418582985,Vagelvg,Vangelis,https://x.com/Vagelvg,"Cgt iste ,rÃ©solument marxiste-lÃ©niniste.
La lutte c'est classe contre classe !
Â« ..De chacun selon ses moyens, Ã  chacun selon ses besoins Â» Karl Marx.",2011-11-22 10:30:12,958,1404,5498,2230,660,,False,,,,,,,,,"Fonctionnaire en colÃ¨re ? Eh bien, j'en suis !
Le gouvernement mÃ¨ne une offensive contre les fonctionnaires !
Sous couvert de â€œrÃ©formeâ€, le gouvernement de Â« droite extrÃªme Â» menÃ© par Michel Barnier engage une vÃ©ritable guerre contre les agents..  https://t.co/UJWpHALBLT"
1852012629906043027,https://x.com/bridom65800/status/1852012629906043027,2024-10-31 15:39:54,fr,1,0,0,0,28,1467398078579847171,bridom65800,dommat,https://x.com/bridom65800,"RECONQUETE ZEMMOUR Ancien militaire. La France franÃ§aise. toutsaufmacron. Charles Martel. JAMBONBEURRE, PATRIOTE.",2021-12-05 07:39:45,4937,7499,32954,24788,2931,,False,,,,,,,,,Michel Barnier : la gauche dÃ©pose la premiÃ¨re motion de censure contre le nouveau gouvernement https://t.co/g7x76shwHM via @lindependant
1851998504765272217,https://x.com/le_Parisien/status/1851998504765272217,2024-10-31 14:43:46,fr,1,2,2,0,6642,38142665,le_Parisien,Le Parisien,https://x.com/le_Parisien,Lâ€™actualitÃ© qui vous concerneğŸ“±ğŸ—ï¸,2009-05-06 08:50:13,3398846,369,607840,716,164557,"Paris, France",False,Business,,,,,,,,"Maud Bregeon, la porte-parole du gouvernement a rÃ©affirmÃ© la volontÃ© de Michel Barnier et ses ministres dâ€™ Â«aller au voteÂ» sur le budget que lâ€™AssemblÃ©e nationale Â«aura elle-mÃªme construitÂ», plutÃ´t quâ€™utiliser le 49.3

â¡ï¸ https://t.co/NBuFOPnJEH https://t.co/obNVQ81BOK"
1851959691342987442,https://x.com/lindependant/status/1851959691342987442,2024-10-31 12:09:32,fr,0,0,0,1,322,115086169,lindependant,L'IndÃ©pendant,https://x.com/lindependant,Premier quotidien dans l'Aude et les PyrÃ©nÃ©es-Orientales. Suivez aussi @LIndep_perpi @Narbonne_lindep @Carca_lindep et @sport_lindep,2010-02-17 15:27:52,44702,734,210960,1995,7831,PyrÃ©nÃ©es-Orientales et Aude,False,,,,,,,,,"Michel Barnier opÃ©rÃ© dâ€™une lÃ©sion cervicaleÂ : ""Il va bien, il est en forme aprÃ¨s 3 jours de repos"", la porte-parole du gouvernement donne des nouvelles rassurantes du Premier ministre https://t.co/SLvF8VaG4G via @lindependant"
1851948747514593490,https://x.com/BonPote/status/1851948747514593490,2024-10-31 11:26:03,fr,68,958,3183,10,87481,1052245995822739462,BonPote,Bon Pote,https://x.com/BonPote,"Media qui alerte sur un truc pas cool : le changement climatique. Tout comprendre (ou presque) sur le climat, Ã‰ditions CNRS https://t.co/v8oeH6jJxn",2018-10-16 17:12:50,89496,499,7145,37506,1424,+1.8Â°C,False,,,,,,,,,"AprÃ¨s la mort de Paul, Michel Barnier a reÃ§u les associations vÃ©lo avec le sourire et plein de promesses. 
Deux jours aprÃ¨s ils annulent le plan vÃ©lo et les 2 milliards promis. Ce gouvernement se fout des FranÃ§ais, de leur sÃ©curitÃ©, et de la lutte contre le changement climatique."
1851917083992371505,https://x.com/ElisaAndre71894/status/1851917083992371505,2024-10-31 09:20:14,fr,0,0,0,0,11,1721840089225912320,ElisaAndre71894,elisa andree,https://x.com/ElisaAndre71894,,2023-11-07 10:42:38,57,146,4687,2387,2211,,False,,,,,,,,,OpÃ©ration de Michel Barnier : pourra-t-il toujours assurer son rÃ´le de P... https://t.co/OKyt4wko0m via @YouTube Barnier se chie dessus encore une chance il a une couche du gouvernement .
1851914836457791503,https://x.com/LCP/status/1851914836457791503,2024-10-31 09:11:18,fr,4,8,22,1,3259,85362553,LCP,LCP,https://x.com/LCP,"LCP-AssemblÃ©e nationale | #DonnonsduSens
ğŸ›ï¸ Info parlementaire, politique et citoyenne
ğŸ“º TV #Canal13, YouTube : https://t.co/i7dP9xBqbh",2009-10-26 17:09:03,684872,2417,164702,1401,127729,Paris,False,,,,,,,,,"""Vous ne savez pas financer votre proposition de loi"", dÃ©clare @SandrineRunel.
""Si vous vouliez vraiment abroger la rÃ©forme des retraites, c'Ã©tait assez facile, vous auriez pu censurer le gouvernement de Michel Barnier.""

#DirectAN #Retraites https://t.co/phF4ep2Wus"
1851899086296789277,https://x.com/Contrepoints/status/1851899086296789277,2024-10-31 08:08:43,fr,0,3,3,1,508,123942210,Contrepoints,IREF-Contrepoints,https://x.com/Contrepoints,Le journal libÃ©ral de rÃ©fÃ©rence en France.,2010-03-17 18:27:54,25684,1790,96652,4967,31638,"Paris, France",False,,,,,,,,,"Nous ne voyons pas bien oÃ¹ se situe lâ€™Ã©conomieÂ ! Il faut dire que le Gouvernement compte 41 membres. Si sa volontÃ© de restreindre les dÃ©penses publiques Ã©tait rÃ©elle, Michel Barnier aurait commencÃ© par limiter le nombre des ministresâ€¦ et celui de ses collaborateurs."
1851862254213324927,https://x.com/CPAveyron/status/1851862254213324927,2024-10-31 05:42:21,fr,0,0,1,0,106,593868438,CPAveyron,CentrePresseAveyron,https://x.com/CPAveyron,"Centre Presse, le journal de l'Aveyron.",2012-05-29 15:14:14,4511,310,27034,73,1687,Rodez,False,,,,,,,,,"Ã€ lâ€™heure oÃ¹ lâ€™AssemblÃ©e nationale se penche sur le budget, le dÃ©putÃ© de la premiÃ¨re circonscription reste alignÃ© au camp macroniste et met des conditions au soutien apportÃ© Ã  Michel Barnier et le nouveau gouvernement
â¡ï¸ https://t.co/VuKf1KfSYU https://t.co/VuKf1KfSYU"
1851816532835185134,https://x.com/mclucal/status/1851816532835185134,2024-10-31 02:40:41,fr,0,2,7,1,810,1002825063966674944,mclucal,LucAl,https://x.com/mclucal,Prof de sciences sociales,2018-06-02 08:11:41,5218,152,51485,90984,5050,France,False,,,,,,,,,"En France, les extrÃªmes se rejoignent avec le gouvernement de Michel Barnier et Emmanuel Macron : la politique Ã©conomique pro-bourgeoisie (extrÃªme-centre) ne passe plus chez les citoyens sans violence physique et racisme (extrÃªme-droite). ğŸ‘ Alain Deneault https://t.co/9u4xEjneBF"
1851694648693047670,https://x.com/DocteurPEB1/status/1851694648693047670,2024-10-30 18:36:21,fr,5,77,77,4,1815,1396850204180103170,DocteurPEB1,Docteur Hippocrate,https://x.com/DocteurPEB1,"PassionnÃ© de Science
Les politiques et les merdias sont les + grands ennemis de la Science",2021-05-24 15:29:40,42459,7448,10969,41436,2130,,False,,,,,,,,,"Alors que le gouvernement de Michel Barnier cherche Ã  faire des Ã©conomies, le coÃ»t des achats dans la fonction publique, notamment de fournitures et mobilier de lâ€™administration, a reprÃ©sentÃ© 155 milliards dâ€™euros en 2023.
Un tÃ©moignage ici https://t.co/DBJcxliiSJ: ""Â«â€¯On est en train de refaire la salle du conseil municipal, pour les lumiÃ¨res dans le commerce vous avez lâ€™applique autour de 90 euros. Nous, on va la payer 500 euros lâ€™unitÃ©â€¯!""
https://t.co/weWFC7IT7e"
1851679413961732569,https://x.com/AndreeTaurinya/status/1851679413961732569,2024-10-30 17:35:49,fr,0,2,3,0,283,1441120513296764932,AndreeTaurinya,AndrÃ©e Taurinya,https://x.com/AndreeTaurinya,"ğŸ›ï¸DÃ©putÃ©e de Saint-Ã‰tienne #LFI #NFP
ğŸ“œCommissaire aux lois
âœï¸Professeure de lettres
Inscription Newsletter : https://t.co/2hjgP2qS9k",2021-09-23 19:21:35,6477,1463,3413,4635,833,Saint-Ã‰tienne,False,Government,1.8516729401541348e+18,https://x.com/FiAssemblee/status/1851672940154134696,2024-10-30 17:10:06,"ğŸ”´ğŸ“„ Les prisons craquent : vite un mÃ©canisme de rÃ©gulation carcÃ©rale !

Notre communiquÃ© â¤µï¸ https://t.co/vAHpj7kKrr",29.0,13.0,fr,"ğŸ”´ğŸ“œLes prisons craquent ! Loin d'affronter cette rÃ©alitÃ© dÃ©rangeante, le gouvernement de Michel Barnier multiplie les propositions de surenchÃ¨re pÃ©nale en fantasmant le rÃ´le dissuasif de la peine. 

L'urgence est Ã  la dÃ©flation carcÃ©rale. Notre communiquÃ©. â¤µï¸"
1851672940154134696,https://x.com/FiAssemblee/status/1851672940154134696,2024-10-30 17:10:06,fr,4,13,29,1,2038,882586464462270465,FiAssemblee,La France Insoumise #NFP Ã  l'AssemblÃ©e,https://x.com/FiAssemblee,"Compte officiel du groupe parlementaire de la France Insoumise - NFP Ã  l'AssemblÃ©e nationale, prÃ©sidÃ© par @MathildePanot.",2017-07-05 13:06:25,53848,77,11357,2891,4282,Palais Bourbon,False,Government,,,,,,,,"ğŸ”´ğŸ“„ Les prisons craquent : vite un mÃ©canisme de rÃ©gulation carcÃ©rale !

Notre communiquÃ© â¤µï¸ https://t.co/vAHpj7kKrr"
1851655517292159349,https://x.com/LCP/status/1851655517292159349,2024-10-30 16:00:52,fr,1,0,11,0,4358,85362553,LCP,LCP,https://x.com/LCP,"LCP-AssemblÃ©e nationale | #DonnonsduSens
ğŸ›ï¸ Info parlementaire, politique et citoyenne
ğŸ“º TV #Canal13, YouTube : https://t.co/i7dP9xBqbh",2009-10-26 17:09:03,684872,2417,164702,1401,127729,Paris,False,,,,,,,,,"""Vous me voyez dire : super, on va supprimer 4 000 postes d'enseignants ?"" @p_brun revient sur son choix de refuser le poste de ministre du Budget dans le gouvernement de Michel Barnier. #Budget2025 #Legistream https://t.co/NEGC13oJqd"
1851647191078654079,https://x.com/VilainCat/status/1851647191078654079,2024-10-30 15:27:46,fr,1,64,242,2,3954,1164455093296611328,VilainCat,MinistÃ¨re des Bras CassÃ©s ğŸ‘» áµ–áµƒÊ³áµ’áµˆá¶¦áµ‰,https://x.com/VilainCat,"En l'absence de rÃ©elle politique Ã©cologique, nous prenons les commandes #EnvironnementDIY #AutodefenseEcologique ğŸ‘» Compte parodique",2019-08-22 08:31:50,45469,1853,8127,4194,4904,PlanÃ¨te Terre,False,,,,,,,,,"Michel Barnier : ""Comme on peut le voir en Espagne, quand c'est un gouvernement de gauche, les inondations sont catastrophiques."" https://t.co/7Ht9lNoUBw"
1851641544161264031,https://x.com/Manuel_MC/status/1851641544161264031,2024-10-30 15:05:20,fr,0,0,1,0,74,5310102,Manuel_MC,Manuel_MC î¨€,https://x.com/Manuel_MC,Potius mori quam fÅ“dari | #stratÃ©gie #ComESR #santÃ© #ComPublique | alumni @UnivNantes | CanÃ©vet et AssociÃ©s | https://t.co/RESJZpfc6j î¨€,2007-04-20 09:47:27,3740,752,19319,17939,2184,"Nantes, France",False,,,,,,,,,"ğŸ’¬Â  Â«Â 35Â % du gouvernement Michel BarnierÂ sont issus de grandes Ã©coles de commerceÂ Â». 

Câ€™EST TROP. 
(Et Ã§a se voit)

Article ( ğŸ” abonnÃ©s) : https://t.co/qfaWiGG1p5 https://t.co/vIQFRp3HMa"
1851604690967884270,https://x.com/corsair31900/status/1851604690967884270,2024-10-30 12:38:54,fr,0,0,0,0,39,830933905,corsair31900,Corsair31900,https://x.com/corsair31900,,2012-09-18 12:13:14,379,340,84812,6781,5401,"Toulouse, France",False,,,,,,,,,"VIDÃ‰O - ""Vu l'Ã©tat du pays, on a besoin d'un Premier ministre en forme"": Sophie Binet (CGT) Ã©voque l'Ã©tat de santÃ© de Michel Barnier.
Non, on n'a besoin que de l'argent que ce gouvernement de voleurs nous prend jour aprÃ¨s jour !
Basta ya !ğŸ˜¡ğŸ¤® https://t.co/WpVCKXrVvC via @BFMTV"
1851582823439724863,https://x.com/placepublique_/status/1851582823439724863,2024-10-30 11:12:00,fr,1,3,12,0,63,1049660216630026240,placepublique_,Place publique,https://x.com/placepublique_,ğŸš© Mouvement humaniste Ã©cologiste et europÃ©en Co-prÃ©sidÃ© par @rglucks1 et @aurorelalucq,2018-10-09 13:57:52,35047,1277,9969,9352,1566,France,False,,,,,,,,,"Câ€™est pourquoi Place publique appelle le gouvernement de Michel Barnier a rÃ©ellement sortir les martiniquais et les habitants de la france dâ€™Outre-mer dâ€™une vie toujours plus chÃ¨re ! 

(5/9)"
